Match_ID,Team,Opponent,Bowler_Name,Overs,Maidens,Runs,Wickets,Economy,0s,4s,6s,Wides,No Balls
T20I # 1879,England,Pakistan,Ben Stokes,4,0,32,1,8.00,6,1,0,2,1
T20I # 1879,England,Pakistan,Chris Woakes,3,0,26,0,8.66,7,2,1,2,0
T20I # 1879,England,Pakistan,Sam Curran,4,0,12,3,3.00,15,0,0,0,0
T20I # 1879,England,Pakistan,Adil Rashid,4,1,22,2,5.50,10,1,0,1,0
T20I # 1879,England,Pakistan,Chris Jordan,4,0,27,2,6.75,9,3,0,0,0
T20I # 1879,England,Pakistan,Liam Livingstone,1,0,16,0,16.00,1,1,1,1,0
T20I # 1879,Pakistan,England,Shaheen Shah Afridi,2.1,0,13,1,6.00,6,1,0,0,0
T20I # 1879,Pakistan,England,Naseem Shah,4,0,30,0,7.50,15,3,1,1,0
T20I # 1879,Pakistan,England,Haris Rauf,4,0,23,2,5.75,13,3,0,1,0
T20I # 1879,Pakistan,England,Shadab Khan,4,0,20,1,5.00,10,1,0,0,0
T20I # 1879,Pakistan,England,Mohammad Wasim,4,0,38,1,9.50,5,5,0,2,0
T20I # 1879,Pakistan,England,Iftikhar Ahmed,0.5,0,13,0,15.60,0,1,1,0,0
T20I # 1878,England,India,Ben Stokes,2,0,18,0,9.00,5,2,1,0,0
T20I # 1878,England,India,Chris Woakes,3,0,24,1,8.00,5,1,1,2,0
T20I # 1878,England,India,Sam Curran,4,0,42,0,10.50,9,5,2,0,0
T20I # 1878,England,India,Adil Rashid,4,0,20,1,5.00,8,1,0,0,0
T20I # 1878,England,India,Liam Livingstone,3,0,21,0,7.00,7,3,0,0,0
T20I # 1878,England,India,Chris Jordan,4,0,43,3,10.75,8,3,3,1,0
T20I # 1878,India,England,Bhuvneshwar Kumar,2,0,25,0,12.50,4,3,1,1,0
T20I # 1878,India,England,Arshdeep Singh,2,0,15,0,7.50,4,2,0,1,0
T20I # 1878,India,England,Axar Patel,4,0,30,0,7.50,10,2,2,0,0
T20I # 1878,India,England,Mohammed Shami,3,0,39,0,13.00,7,4,3,0,0
T20I # 1878,India,England,Ravichandran Ashwin,2,0,27,0,13.50,1,1,2,1,0
T20I # 1878,India,England,Hardik Pandya,3,0,34,0,11.33,5,1,2,0,0
T20I # 1877,Pakistan,New Zealand,Shaheen Shah Afridi,4,0,24,2,6.00,11,2,0,0,0
T20I # 1877,Pakistan,New Zealand,Naseem Shah,4,0,30,0,7.50,8,3,0,0,0
T20I # 1877,Pakistan,New Zealand,Haris Rauf,4,0,32,0,8.00,6,2,0,0,0
T20I # 1877,Pakistan,New Zealand,Mohammad Wasim,2,0,15,0,7.50,3,0,1,0,0
T20I # 1877,Pakistan,New Zealand,Shadab Khan,4,0,33,0,8.25,7,3,1,0,0
T20I # 1877,Pakistan,New Zealand,Mohammad Nawaz,2,0,12,1,6.00,2,0,0,0,0
T20I # 1877,New Zealand,Pakistan,Trent Boult,4,0,33,2,8.25,9,5,0,0,0
T20I # 1877,New Zealand,Pakistan,Tim Southee,3.1,0,24,0,7.57,7,3,0,2,0
T20I # 1877,New Zealand,Pakistan,Lockie Ferguson,4,0,37,0,9.25,7,4,1,1,0
T20I # 1877,New Zealand,Pakistan,Mitchell Santner,4,0,26,1,6.50,6,1,0,0,0
T20I # 1877,New Zealand,Pakistan,Ish Sodhi,4,0,26,0,6.50,4,1,0,0,0
T20I # 1873,Zimbabwe,India,Richard Ngarava,4,1,44,1,11.00,12,2,4,1,1
T20I # 1873,Zimbabwe,India,Tendai Chatara,4,0,34,0,8.50,5,3,1,0,0
T20I # 1873,Zimbabwe,India,Blessing Muzarabani,4,0,50,1,12.50,5,8,0,1,0
T20I # 1873,Zimbabwe,India,Wellington Masakadza,2,0,12,0,6.00,5,1,0,1,0
T20I # 1873,Zimbabwe,India,Ryan Burl,1,0,14,0,14.00,1,1,1,0,0
T20I # 1873,Zimbabwe,India,Sikandar Raza,3,0,18,1,6.00,5,0,1,0,0
T20I # 1873,Zimbabwe,India,Sean Williams,2,0,9,2,4.50,6,0,0,2,0
T20I # 1873,India,Zimbabwe,Bhuvneshwar Kumar,3,1,11,1,3.66,14,1,0,1,0
T20I # 1873,India,Zimbabwe,Arshdeep Singh,2,0,9,1,4.50,9,1,0,2,0
T20I # 1873,India,Zimbabwe,Mohammed Shami,2,0,14,2,7.00,7,1,1,0,0
T20I # 1873,India,Zimbabwe,Hardik Pandya,3,0,16,2,5.33,10,1,0,2,1
T20I # 1873,India,Zimbabwe,Ravichandran Ashwin,4,0,22,3,5.50,13,3,0,1,0
T20I # 1873,India,Zimbabwe,Axar Patel,3.2,0,40,1,12.00,4,5,1,0,0
T20I # 1872,Pakistan,Bangladesh,Shaheen Shah Afridi,4,0,22,4,5.50,13,2,1,0,0
T20I # 1872,Pakistan,Bangladesh,Naseem Shah,3,0,15,0,5.00,9,2,0,0,0
T20I # 1872,Pakistan,Bangladesh,Mohammad Wasim,2,0,19,0,9.50,5,1,1,1,0
T20I # 1872,Pakistan,Bangladesh,Haris Rauf,4,0,21,1,5.25,11,2,0,0,0
T20I # 1872,Pakistan,Bangladesh,Shadab Khan,4,0,30,2,7.50,8,3,0,0,0
T20I # 1872,Pakistan,Bangladesh,Iftikhar Ahmed,3,0,15,1,5.00,9,2,0,0,0
T20I # 1872,Bangladesh,Pakistan,Taskin Ahmed,3,0,26,0,8.66,10,1,2,0,1
T20I # 1872,Bangladesh,Pakistan,Nasum Ahmed,4,0,14,1,3.50,13,0,0,2,0
T20I # 1872,Bangladesh,Pakistan,Shakib Al Hasan,4,0,35,1,8.75,6,5,0,0,0
T20I # 1872,Bangladesh,Pakistan,Mustafizur Rahman,4,0,21,1,5.25,8,0,0,0,0
T20I # 1872,Bangladesh,Pakistan,Ebadot Hossain,3.1,0,25,1,7.89,7,1,1,0,1
T20I # 1871,South Africa,Netherlands,Wayne Parnell,4,0,32,0,8.00,10,2,2,1,0
T20I # 1871,South Africa,Netherlands,Kagiso Rabada,3,0,37,0,12.33,6,7,0,0,0
T20I # 1871,South Africa,Netherlands,Lungi Ngidi,3,0,35,0,11.66,3,5,0,0,0
T20I # 1871,South Africa,Netherlands,Anrich Nortje,4,0,10,1,2.50,14,0,0,0,0
T20I # 1871,South Africa,Netherlands,Keshav Maharaj,4,0,27,2,6.75,12,1,2,0,0
T20I # 1871,South Africa,Netherlands,Aiden Markram,2,0,16,1,8.00,3,0,1,1,0
T20I # 1871,Netherlands,South Africa,Fred Klaassen,4,0,20,2,5.00,15,3,0,0,0
T20I # 1871,Netherlands,South Africa,Paul van Meekeren,3,0,33,1,11.00,5,1,2,1,1
T20I # 1871,Netherlands,South Africa,Colin Ackermann,3,0,16,0,5.33,6,1,0,0,0
T20I # 1871,Netherlands,South Africa,Roelof van der Merwe,2,0,19,0,9.50,2,2,0,0,0
T20I # 1871,Netherlands,South Africa,Brandon Glover,2,0,9,3,4.50,5,0,0,1,0
T20I # 1871,Netherlands,South Africa,Logan van Beek,3,0,23,0,7.66,4,1,1,0,0
T20I # 1871,Netherlands,South Africa,Bas de Leede,3,0,25,2,8.33,4,1,0,1,2
T20I # 1867,England,Sri Lanka,Ben Stokes,3,0,24,1,8.00,8,1,2,0,0
T20I # 1867,England,Sri Lanka,Chris Woakes,3,0,24,1,8.00,5,3,0,1,0
T20I # 1867,England,Sri Lanka,Mark Wood,3,0,26,3,8.66,8,1,2,1,0
T20I # 1867,England,Sri Lanka,Sam Curran,4,0,27,1,6.75,10,2,1,0,0
T20I # 1867,England,Sri Lanka,Adil Rashid,4,0,16,1,4.00,11,0,0,0,0
T20I # 1867,England,Sri Lanka,Liam Livingstone,2,0,16,0,8.00,2,0,1,0,0
T20I # 1867,England,Sri Lanka,Moeen Ali,1,0,5,0,5.00,1,0,0,0,0
T20I # 1867,Sri Lanka,England,Maheesh Theekshana,4,0,22,0,5.50,11,1,0,1,0
T20I # 1867,Sri Lanka,England,Kasun Rajitha,3,0,40,0,13.33,4,5,1,2,0
T20I # 1867,Sri Lanka,England,Lahiru Kumara,3.4,0,24,2,6.54,11,3,0,0,1
T20I # 1867,Sri Lanka,England,Wanindu Hasaranga,4,0,23,2,5.75,11,1,1,0,0
T20I # 1867,Sri Lanka,England,Dhananjaya de Silva,4,0,24,2,6.00,7,1,0,0,0
T20I # 1867,Sri Lanka,England,Charith Asalanka,1,0,8,0,8.00,1,1,0,0,0
T20I # 1864,Afghanistan,Australia,Fazalhaq Farooqi,4,0,29,2,7.25,13,4,1,0,0
T20I # 1864,Afghanistan,Australia,Mujeeb Ur Rahman,4,0,42,1,10.50,5,4,1,1,0
T20I # 1864,Afghanistan,Australia,Naveen-ul-Haq,4,0,21,3,5.25,11,2,0,0,0
T20I # 1864,Afghanistan,Australia,Gulbadin Naib,3,0,31,0,10.33,6,3,2,0,0
T20I # 1864,Afghanistan,Australia,Rashid Khan,4,0,29,1,7.25,9,2,1,1,0
T20I # 1864,Afghanistan,Australia,Mohammad Nabi,1,0,14,0,14.00,1,1,1,0,0
T20I # 1864,Australia,Afghanistan,Josh Hazlewood,4,0,33,2,8.25,13,2,3,0,0
T20I # 1864,Australia,Afghanistan,Pat Cummins,4,0,22,0,5.50,12,2,0,0,0
T20I # 1864,Australia,Afghanistan,Marcus Stoinis,2,0,26,0,13.00,2,2,1,2,0
T20I # 1864,Australia,Afghanistan,Kane Richardson,4,0,48,1,12.00,4,3,3,1,0
T20I # 1864,Australia,Afghanistan,Adam Zampa,4,0,22,2,5.50,11,1,0,0,0
T20I # 1864,Australia,Afghanistan,Cameron Green,2,0,13,0,6.50,7,1,1,0,0
T20I # 1862,Ireland,New Zealand,Josh Little,4,0,22,3,5.50,10,2,0,1,0
T20I # 1862,Ireland,New Zealand,Mark Adair,4,0,39,1,9.75,9,3,1,3,0
T20I # 1862,Ireland,New Zealand,Barry McCarthy,4,0,46,0,11.50,4,4,2,0,0
T20I # 1862,Ireland,New Zealand,Gareth Delany,4,0,30,2,7.50,11,3,1,1,0
T20I # 1862,Ireland,New Zealand,Fionn Hand,2,0,22,0,11.00,2,2,1,0,0
T20I # 1862,Ireland,New Zealand,George Dockrell,2,0,18,0,9.00,4,2,0,2,0
T20I # 1862,New Zealand,Ireland,Trent Boult,4,0,38,0,9.50,8,4,1,0,0
T20I # 1862,New Zealand,Ireland,Tim Southee,4,0,29,2,7.25,8,2,1,0,0
T20I # 1862,New Zealand,Ireland,Lockie Ferguson,4,0,22,3,5.50,10,1,0,0,0
T20I # 1862,New Zealand,Ireland,Mitchell Santner,4,0,26,2,6.50,12,3,1,0,0
T20I # 1862,New Zealand,Ireland,Ish Sodhi,4,0,31,2,7.75,10,0,2,1,0
T20I # 1861,South Africa,Pakistan,Wayne Parnell,4,0,31,1,7.75,10,3,1,0,0
T20I # 1861,South Africa,Pakistan,Kagiso Rabada,4,0,44,1,11.00,7,4,2,0,0
T20I # 1861,South Africa,Pakistan,Lungi Ngidi,4,0,32,1,8.00,11,3,1,2,0
T20I # 1861,South Africa,Pakistan,Anrich Nortje,4,0,41,4,10.25,11,1,4,0,1
T20I # 1861,South Africa,Pakistan,Tabraiz Shamsi,4,0,36,1,9.00,8,2,2,2,0
T20I # 1861,Pakistan,South Africa,Shaheen Shah Afridi,3,0,14,3,4.66,11,2,0,0,0
T20I # 1861,Pakistan,South Africa,Naseem Shah,3,0,19,1,6.33,10,1,1,1,0
T20I # 1861,Pakistan,South Africa,Haris Rauf,3,0,44,1,14.66,2,7,1,1,0
T20I # 1861,Pakistan,South Africa,Mohammad Wasim,2,0,13,1,6.50,3,1,0,0,0
T20I # 1861,Pakistan,South Africa,Shadab Khan,2,0,16,2,8.00,5,1,1,0,0
T20I # 1861,Pakistan,South Africa,Mohammad Nawaz,1,0,2,0,2.00,4,0,0,0,0
T20I # 1860,Bangladesh,India,Taskin Ahmed,4,0,15,0,3.75,16,2,0,0,0
T20I # 1860,Bangladesh,India,Shoriful Islam,4,0,57,0,14.25,7,4,4,2,2
T20I # 1860,Bangladesh,India,Hasan Mahmud,4,0,47,3,11.75,7,6,2,0,1
T20I # 1860,Bangladesh,India,Mustafizur Rahman,4,0,31,0,7.75,9,4,0,0,0
T20I # 1860,Bangladesh,India,Shakib Al Hasan,4,0,33,2,8.25,3,2,0,0,0
T20I # 1860,India,Bangladesh,Bhuvneshwar Kumar,3,0,27,0,9.00,7,2,2,0,0
T20I # 1860,India,Bangladesh,Arshdeep Singh,4,0,38,2,9.50,10,5,1,0,0
T20I # 1860,India,Bangladesh,Mohammed Shami,3,0,25,1,8.33,7,2,1,0,0
T20I # 1860,India,Bangladesh,Axar Patel,1,0,6,0,6.00,2,0,0,0,0
T20I # 1860,India,Bangladesh,Ravichandran Ashwin,2,0,19,0,9.50,4,3,0,1,0
T20I # 1860,India,Bangladesh,Hardik Pandya,3,0,28,2,9.33,8,1,3,0,0
T20I # 1859,Netherlands,Zimbabwe,Fred Klaassen,4,0,17,1,4.25,17,0,1,2,0
T20I # 1859,Netherlands,Zimbabwe,Paul van Meekeren,4,0,29,3,7.25,13,3,0,2,0
T20I # 1859,Netherlands,Zimbabwe,Brandon Glover,4,1,29,2,7.25,15,2,2,2,0
T20I # 1859,Netherlands,Zimbabwe,Logan van Beek,2.2,0,17,2,7.28,8,1,1,1,0
T20I # 1859,Netherlands,Zimbabwe,Bas de Leede,4,0,14,2,3.50,11,0,0,0,0
T20I # 1859,Netherlands,Zimbabwe,Roelof van der Merwe,1,0,8,0,8.00,2,1,0,0,0
T20I # 1859,Zimbabwe,Netherlands,Tendai Chatara,4,0,22,0,5.50,14,4,0,0,0
T20I # 1859,Zimbabwe,Netherlands,Richard Ngarava,4,0,18,2,4.50,15,1,1,0,0
T20I # 1859,Zimbabwe,Netherlands,Blessing Muzarabani,4,0,23,2,5.75,14,2,1,1,0
T20I # 1859,Zimbabwe,Netherlands,Sean Williams,3,0,21,0,7.00,8,2,1,0,0
T20I # 1859,Zimbabwe,Netherlands,Sikandar Raza,1,0,6,0,6.00,0,0,0,0,0
T20I # 1859,Zimbabwe,Netherlands,Luke Jongwe,2,0,25,1,12.50,3,4,0,3,1
T20I # 1858,New Zealand,England,Trent Boult,4,0,40,0,10.00,8,4,1,1,0
T20I # 1858,New Zealand,England,Tim Southee,4,0,43,1,10.75,9,3,3,0,0
T20I # 1858,New Zealand,England,Mitchell Santner,4,0,25,1,6.25,8,2,0,0,0
T20I # 1858,New Zealand,England,Lockie Ferguson,4,0,45,2,11.25,6,4,2,0,1
T20I # 1858,New Zealand,England,Ish Sodhi,4,0,23,1,5.75,10,2,0,0,0
T20I # 1858,England,New Zealand,Moeen Ali,1,0,4,0,4.00,3,0,0,0,0
T20I # 1858,England,New Zealand,Chris Woakes,4,0,33,2,8.25,9,1,2,1,0
T20I # 1858,England,New Zealand,Adil Rashid,4,0,33,0,8.25,6,0,2,0,0
T20I # 1858,England,New Zealand,Sam Curran,4,0,26,2,6.50,9,0,0,2,0
T20I # 1858,England,New Zealand,Mark Wood,3,0,25,1,8.33,8,2,1,1,0
T20I # 1858,England,New Zealand,Liam Livingstone,3,0,26,0,8.66,4,3,0,0,0
T20I # 1858,England,New Zealand,Ben Stokes,1,0,10,1,10.00,2,2,0,0,0
T20I # 1856,Sri Lanka,Afghanistan,Kasun Rajitha,4,0,31,1,7.75,11,2,1,1,1
T20I # 1856,Sri Lanka,Afghanistan,Pramod Madushan,3,0,24,0,8.00,7,2,1,0,0
T20I # 1856,Sri Lanka,Afghanistan,Lahiru Kumara,4,0,30,2,7.50,12,2,1,4,0
T20I # 1856,Sri Lanka,Afghanistan,Maheesh Theekshana,4,0,33,0,8.25,5,1,1,1,0
T20I # 1856,Sri Lanka,Afghanistan,Wanindu Hasaranga,4,0,13,3,3.25,12,0,0,0,0
T20I # 1856,Sri Lanka,Afghanistan,Dhananjaya de Silva,1,0,9,1,9.00,1,1,0,0,0
T20I # 1856,Afghanistan,Sri Lanka,Fazalhaq Farooqi,3.3,1,22,0,6.28,11,3,0,1,0
T20I # 1856,Afghanistan,Sri Lanka,Mujeeb Ur Rahman,4,0,24,2,6.00,12,3,0,0,0
T20I # 1856,Afghanistan,Sri Lanka,Fareed Ahmad,2,0,25,0,12.50,3,3,1,1,0
T20I # 1856,Afghanistan,Sri Lanka,Rashid Khan,4,0,31,2,7.75,10,2,1,1,0
T20I # 1856,Afghanistan,Sri Lanka,Azmatullah Omarzai,2,0,17,0,8.50,2,1,0,1,0
T20I # 1856,Afghanistan,Sri Lanka,Mohammad Nabi,2,0,16,0,8.00,2,0,1,0,0
T20I # 1856,Afghanistan,Sri Lanka,Gulbadin Naib,1,0,12,0,12.00,1,2,0,0,0
T20I # 1855,Ireland,Australia,Josh Little,4,0,21,2,5.25,13,2,0,2,0
T20I # 1855,Ireland,Australia,Mark Adair,4,0,59,0,14.75,6,7,2,6,0
T20I # 1855,Ireland,Australia,Barry McCarthy,4,0,29,3,7.25,7,2,0,1,0
T20I # 1855,Ireland,Australia,Gareth Delany,3,0,29,0,9.66,10,2,2,2,0
T20I # 1855,Ireland,Australia,Fionn Hand,1,0,15,0,15.00,2,0,2,1,0
T20I # 1855,Ireland,Australia,George Dockrell,4,0,24,0,6.00,8,0,1,0,0
T20I # 1855,Australia,Ireland,Josh Hazlewood,3,0,24,0,8.00,8,1,2,1,0
T20I # 1855,Australia,Ireland,Pat Cummins,4,0,28,2,7.00,14,3,1,1,0
T20I # 1855,Australia,Ireland,Glenn Maxwell,2.1,0,14,2,6.46,6,2,0,0,0
T20I # 1855,Australia,Ireland,Mitchell Starc,4,1,43,2,10.75,11,8,0,2,1
T20I # 1855,Australia,Ireland,Adam Zampa,4,0,19,2,4.75,9,1,0,0,0
T20I # 1855,Australia,Ireland,Marcus Stoinis,1,0,6,1,6.00,2,0,0,0,0
T20I # 1853,South Africa,India,Wayne Parnell,4,1,15,3,3.75,16,0,1,0,0
T20I # 1853,South Africa,India,Kagiso Rabada,4,0,26,0,6.50,13,2,1,1,0
T20I # 1853,South Africa,India,Lungi Ngidi,4,0,29,4,7.25,10,3,1,0,0
T20I # 1853,South Africa,India,Anrich Nortje,4,0,23,1,5.75,12,1,1,0,0
T20I # 1853,South Africa,India,Keshav Maharaj,3,0,28,0,9.33,5,3,1,0,0
T20I # 1853,South Africa,India,Aiden Markram,1,0,5,0,5.00,1,0,0,0,0
T20I # 1853,India,South Africa,Bhuvneshwar Kumar,3.4,0,21,0,5.72,13,2,1,0,0
T20I # 1853,India,South Africa,Arshdeep Singh,4,0,25,2,6.25,13,4,0,1,0
T20I # 1853,India,South Africa,Mohammed Shami,4,0,13,1,3.25,15,1,0,0,0
T20I # 1853,India,South Africa,Hardik Pandya,4,0,29,1,7.25,8,3,0,0,0
T20I # 1853,India,South Africa,Ravichandran Ashwin,4,0,43,1,10.75,5,1,4,0,0
T20I # 1852,Pakistan,Netherlands,Shaheen Shah Afridi,4,0,19,1,4.75,13,1,0,1,0
T20I # 1852,Pakistan,Netherlands,Naseem Shah,4,0,11,1,2.75,15,0,0,0,0
T20I # 1852,Pakistan,Netherlands,Mohammad Wasim,3,0,15,2,5.00,10,1,0,1,0
T20I # 1852,Pakistan,Netherlands,Haris Rauf,3,0,10,1,3.33,11,1,0,0,0
T20I # 1852,Pakistan,Netherlands,Shadab Khan,4,0,22,3,5.50,11,2,0,0,0
T20I # 1852,Pakistan,Netherlands,Mohammad Nawaz,2,0,11,0,5.50,3,0,0,0,0
T20I # 1852,Netherlands,Pakistan,Fred Klaassen,3,0,26,0,8.66,4,3,0,0,0
T20I # 1852,Netherlands,Pakistan,Paul van Meekeren,4,0,19,1,4.75,15,2,0,0,0
T20I # 1852,Netherlands,Pakistan,Brandon Glover,2.5,0,22,2,7.76,9,3,0,0,0
T20I # 1852,Netherlands,Pakistan,Tim Pringle,1,0,12,0,12.00,1,2,0,0,0
T20I # 1852,Netherlands,Pakistan,Logan van Beek,2,0,9,0,4.50,5,0,0,0,0
T20I # 1852,Netherlands,Pakistan,Roelof van der Merwe,1,0,7,0,7.00,1,0,0,0,0
T20I # 1851,Zimbabwe,Bangladesh,Richard Ngarava,4,0,24,2,6.00,11,2,0,2,0
T20I # 1851,Zimbabwe,Bangladesh,Blessing Muzarabani,2,0,13,2,6.50,8,3,0,0,0
T20I # 1851,Zimbabwe,Bangladesh,Tendai Chatara,3,0,18,0,6.00,7,1,0,0,0
T20I # 1851,Zimbabwe,Bangladesh,Sikandar Raza,4,0,35,1,8.75,2,2,1,0,0
T20I # 1851,Zimbabwe,Bangladesh,Brad Evans,3,0,32,0,10.66,2,3,1,1,0
T20I # 1851,Zimbabwe,Bangladesh,Wessly Madhevere,2,0,18,0,9.00,0,1,0,0,0
T20I # 1851,Zimbabwe,Bangladesh,Sean Williams,2,0,10,1,5.00,4,0,0,1,0
T20I # 1851,Bangladesh,Zimbabwe,Taskin Ahmed,4,1,19,3,4.75,15,3,0,0,0
T20I # 1851,Bangladesh,Zimbabwe,Hasan Mahmud,4,0,36,0,9.00,8,5,0,3,0
T20I # 1851,Bangladesh,Zimbabwe,Mosaddek Hossain,4,0,34,2,8.50,11,3,2,0,1
T20I # 1851,Bangladesh,Zimbabwe,Mustafizur Rahman,4,0,15,2,3.75,11,0,0,0,0
T20I # 1851,Bangladesh,Zimbabwe,Shakib Al Hasan,4,0,34,0,8.50,5,3,0,0,0
T20I # 1850,Sri Lanka,New Zealand,Maheesh Theekshana,4,0,35,1,8.75,7,2,2,1,0
T20I # 1850,Sri Lanka,New Zealand,Kasun Rajitha,4,0,23,2,5.75,16,3,0,1,2
T20I # 1850,Sri Lanka,New Zealand,Dhananjaya de Silva,2,0,14,1,7.00,4,1,0,0,0
T20I # 1850,Sri Lanka,New Zealand,Wanindu Hasaranga,4,0,22,1,5.50,9,1,0,0,0
T20I # 1850,Sri Lanka,New Zealand,Lahiru Kumara,3,0,37,1,12.33,2,2,2,2,1
T20I # 1850,Sri Lanka,New Zealand,Chamika Karunaratne,3,0,34,0,11.33,5,3,1,1,0
T20I # 1850,New Zealand,Sri Lanka,Tim Southee,4,1,12,1,3.00,18,0,1,1,0
T20I # 1850,New Zealand,Sri Lanka,Trent Boult,4,0,13,4,3.25,18,1,0,1,0
T20I # 1850,New Zealand,Sri Lanka,Lockie Ferguson,4,0,35,1,8.75,11,4,1,3,0
T20I # 1850,New Zealand,Sri Lanka,Mitchell Santner,4,0,21,2,5.25,13,3,0,0,0
T20I # 1850,New Zealand,Sri Lanka,Ish Sodhi,3.2,0,21,2,6.30,11,2,1,1,0
T20I # 1849,Pakistan,Zimbabwe,Shaheen Shah Afridi,4,0,29,0,7.25,9,3,0,0,0
T20I # 1849,Pakistan,Zimbabwe,Naseem Shah,4,0,34,0,8.50,7,4,0,2,0
T20I # 1849,Pakistan,Zimbabwe,Mohammad Wasim,4,0,24,4,6.00,16,2,1,4,0
T20I # 1849,Pakistan,Zimbabwe,Haris Rauf,4,1,12,1,3.00,15,0,0,0,0
T20I # 1849,Pakistan,Zimbabwe,Shadab Khan,4,0,23,3,5.75,8,1,0,0,0
T20I # 1849,Zimbabwe,Pakistan,Richard Ngarava,4,0,24,0,6.00,15,2,1,2,0
T20I # 1849,Zimbabwe,Pakistan,Blessing Muzarabani,4,0,18,1,4.50,11,1,0,0,0
T20I # 1849,Zimbabwe,Pakistan,Brad Evans,4,0,25,2,6.25,12,2,1,0,0
T20I # 1849,Zimbabwe,Pakistan,Sikandar Raza,4,0,25,3,6.25,13,2,1,2,0
T20I # 1849,Zimbabwe,Pakistan,Luke Jongwe,1,0,10,1,10.00,2,2,0,0,0
T20I # 1849,Zimbabwe,Pakistan,Sean Williams,2,0,15,0,7.50,1,0,0,1,0
T20I # 1849,Zimbabwe,Pakistan,Ryan Burl,1,0,7,0,7.00,0,0,0,0,0
T20I # 1848,Netherlands,India,Fred Klaassen,4,0,33,1,8.25,9,2,1,2,0
T20I # 1848,Netherlands,India,Tim Pringle,4,0,30,0,7.50,6,3,0,0,0
T20I # 1848,Netherlands,India,Paul van Meekeren,4,0,32,1,8.00,9,3,1,0,0
T20I # 1848,Netherlands,India,Bas de Leede,3,0,33,0,11.00,6,5,1,1,0
T20I # 1848,Netherlands,India,Logan van Beek,4,0,45,0,11.25,3,2,3,0,0
T20I # 1848,Netherlands,India,Shariz Ahmad,1,0,5,0,5.00,2,0,0,0,0
T20I # 1848,India,Netherlands,Bhuvneshwar Kumar,3,2,9,2,3.00,14,1,0,0,0
T20I # 1848,India,Netherlands,Arshdeep Singh,4,0,37,2,9.25,9,6,0,1,1
T20I # 1848,India,Netherlands,Mohammed Shami,4,0,27,1,6.75,10,2,0,0,0
T20I # 1848,India,Netherlands,Axar Patel,4,0,18,2,4.50,11,0,0,0,0
T20I # 1848,India,Netherlands,Hardik Pandya,1,0,9,0,9.00,1,0,0,1,0
T20I # 1848,India,Netherlands,Ravichandran Ashwin,4,0,21,2,5.25,13,1,1,1,0
T20I # 1847,Bangladesh,South Africa,Taskin Ahmed,3,0,46,1,15.33,7,6,2,0,3
T20I # 1847,Bangladesh,South Africa,Mehidy Hasan Miraz,3,0,32,0,10.66,4,2,2,0,0
T20I # 1847,Bangladesh,South Africa,Hasan Mahmud,4,0,36,1,9.00,11,3,2,2,0
T20I # 1847,Bangladesh,South Africa,Mustafizur Rahman,4,0,25,0,6.25,7,1,1,0,0
T20I # 1847,Bangladesh,South Africa,Mosaddek Hossain,2,0,16,0,8.00,5,1,1,0,0
T20I # 1847,Bangladesh,South Africa,Shakib Al Hasan,3,0,33,2,11.00,7,1,3,0,1
T20I # 1847,Bangladesh,South Africa,Afif Hossain,1,0,11,1,11.00,1,2,0,0,0
T20I # 1847,South Africa,Bangladesh,Kagiso Rabada,3,0,24,1,8.00,8,1,2,1,0
T20I # 1847,South Africa,Bangladesh,Wayne Parnell,2,0,18,0,9.00,3,0,1,1,0
T20I # 1847,South Africa,Bangladesh,Anrich Nortje,3.3,0,10,4,2.85,16,1,0,0,0
T20I # 1847,South Africa,Bangladesh,Keshav Maharaj,4,0,24,1,6.00,6,1,0,0,0
T20I # 1847,South Africa,Bangladesh,Tabraiz Shamsi,4,0,20,3,5.00,12,0,1,2,0
T20I # 1846,England,Ireland,Ben Stokes,2.2,0,8,1,3.42,7,0,0,0,0
T20I # 1846,England,Ireland,Chris Woakes,3,0,41,0,13.66,4,6,1,2,0
T20I # 1846,England,Ireland,Mark Wood,4,0,34,3,8.50,13,4,1,2,0
T20I # 1846,England,Ireland,Sam Curran,3,0,31,2,10.33,7,1,2,0,0
T20I # 1846,England,Ireland,Adil Rashid,4,0,24,0,6.00,6,1,0,0,0
T20I # 1846,England,Ireland,Liam Livingstone,3,0,17,3,5.66,5,1,0,0,0
T20I # 1846,Ireland,England,Josh Little,3,0,16,2,5.33,11,2,0,2,0
T20I # 1846,Ireland,England,Mark Adair,2,0,10,0,5.00,5,0,0,0,0
T20I # 1846,Ireland,England,Barry McCarthy,3,0,20,1,6.66,7,1,0,3,0
T20I # 1846,Ireland,England,Fionn Hand,2,0,17,1,8.50,6,1,0,4,0
T20I # 1846,Ireland,England,Gareth Delany,3.3,0,33,0,9.42,5,3,1,1,0
T20I # 1846,Ireland,England,George Dockrell,1,0,5,1,5.00,2,0,0,0,0
T20I # 1845,Australia,Sri Lanka,Josh Hazlewood,4,0,26,1,6.50,13,3,0,3,0
T20I # 1845,Australia,Sri Lanka,Pat Cummins,4,0,36,1,9.00,12,5,1,2,0
T20I # 1845,Australia,Sri Lanka,Mitchell Starc,4,0,23,1,5.75,13,1,0,1,0
T20I # 1845,Australia,Sri Lanka,Ashton Agar,4,0,25,1,6.25,8,1,0,1,0
T20I # 1845,Australia,Sri Lanka,Marcus Stoinis,2,0,17,0,8.50,1,1,0,1,0
T20I # 1845,Australia,Sri Lanka,Mitchell Marsh,1,0,14,0,14.00,1,1,1,0,0
T20I # 1845,Australia,Sri Lanka,Glenn Maxwell,1,0,5,1,5.00,2,0,0,0,0
T20I # 1845,Sri Lanka,Australia,Binura Fernando,0.5,0,5,0,6.00,2,0,0,0,0
T20I # 1845,Sri Lanka,Australia,Dhananjaya de Silva,2.1,0,18,1,8.30,4,1,1,0,0
T20I # 1845,Sri Lanka,Australia,Lahiru Kumara,3.3,0,22,0,6.28,15,0,1,3,0
T20I # 1845,Sri Lanka,Australia,Chamika Karunaratne,3,0,20,1,6.66,6,1,0,1,0
T20I # 1845,Sri Lanka,Australia,Maheesh Theekshana,3,0,23,1,7.66,11,0,3,1,0
T20I # 1845,Sri Lanka,Australia,Wanindu Hasaranga,3,0,53,0,17.66,0,3,5,0,0
T20I # 1845,Sri Lanka,Australia,Dasun Shanaka,1,0,10,0,10.00,2,2,0,0,0
T20I # 1844,South Africa,Zimbabwe,Kagiso Rabada,2,0,20,0,10.00,4,2,1,0,0
T20I # 1844,South Africa,Zimbabwe,Wayne Parnell,2,0,6,1,3.00,9,1,0,0,0
T20I # 1844,South Africa,Zimbabwe,Lungi Ngidi,2,0,20,2,10.00,6,2,1,2,0
T20I # 1844,South Africa,Zimbabwe,Keshav Maharaj,1,0,10,0,10.00,1,1,0,0,0
T20I # 1844,South Africa,Zimbabwe,Anrich Nortje,2,0,10,1,5.00,5,0,0,0,0
T20I # 1844,Zimbabwe,South Africa,Tendai Chatara,1,0,23,0,23.00,0,4,1,0,0
T20I # 1844,Zimbabwe,South Africa,Richard Ngarava,1,0,17,0,17.00,2,4,0,0,1
T20I # 1844,Zimbabwe,South Africa,Sikandar Raza,1,0,11,0,11.00,1,0,0,0,1
T20I # 1843,Netherlands,Bangladesh,Fred Klaassen,4,0,33,1,8.25,10,5,0,3,0
T20I # 1843,Netherlands,Bangladesh,Colin Ackermann,1,0,4,0,4.00,2,0,0,0,0
T20I # 1843,Netherlands,Bangladesh,Paul van Meekeren,4,0,21,2,5.25,10,1,0,0,0
T20I # 1843,Netherlands,Bangladesh,Bas de Leede,3,0,29,2,9.66,9,3,1,3,0
T20I # 1843,Netherlands,Bangladesh,Tim Pringle,2,0,10,1,5.00,4,0,0,0,0
T20I # 1843,Netherlands,Bangladesh,Shariz Ahmad,3,0,27,1,9.00,5,1,2,0,0
T20I # 1843,Netherlands,Bangladesh,Logan van Beek,3,0,12,1,4.00,7,0,0,1,0
T20I # 1843,Bangladesh,Netherlands,Taskin Ahmed,4,0,25,4,6.25,16,5,0,0,0
T20I # 1843,Bangladesh,Netherlands,Hasan Mahmud,4,1,15,2,3.75,16,2,0,0,0
T20I # 1843,Bangladesh,Netherlands,Shakib Al Hasan,4,0,32,1,8.00,6,0,2,1,0
T20I # 1843,Bangladesh,Netherlands,Mustafizur Rahman,4,0,20,0,5.00,14,2,0,2,0
T20I # 1843,Bangladesh,Netherlands,Soumya Sarkar,3,0,29,1,9.66,5,2,1,1,0
T20I # 1843,Bangladesh,Netherlands,Mosaddek Hossain,1,0,14,0,14.00,0,0,1,0,1
T20I # 1842,India,Pakistan,Bhuvneshwar Kumar,4,0,22,1,5.50,17,1,1,3,0
T20I # 1842,India,Pakistan,Arshdeep Singh,4,0,32,3,8.00,10,3,1,1,0
T20I # 1842,India,Pakistan,Mohammed Shami,4,0,25,1,6.25,14,4,0,1,0
T20I # 1842,India,Pakistan,Hardik Pandya,4,0,30,3,7.50,10,4,0,0,0
T20I # 1842,India,Pakistan,Ravichandran Ashwin,3,0,23,0,7.66,5,0,1,1,0
T20I # 1842,India,Pakistan,Axar Patel,1,0,21,0,21.00,2,0,3,0,0
T20I # 1842,Pakistan,India,Shaheen Shah Afridi,4,0,34,0,8.50,7,4,0,1,0
T20I # 1842,Pakistan,India,Naseem Shah,4,0,23,1,5.75,10,1,0,0,0
T20I # 1842,Pakistan,India,Haris Rauf,4,0,36,2,9.00,11,2,2,1,0
T20I # 1842,Pakistan,India,Shadab Khan,4,0,21,0,5.25,10,2,0,0,0
T20I # 1842,Pakistan,India,Mohammad Nawaz,4,0,42,2,10.50,8,0,4,2,1
T20I # 1841,Sri Lanka,Ireland,Binura Fernando,4,0,27,1,6.75,10,3,0,1,0
T20I # 1841,Sri Lanka,Ireland,Lahiru Kumara,2,0,12,1,6.00,6,2,0,0,0
T20I # 1841,Sri Lanka,Ireland,Maheesh Theekshana,4,0,19,2,4.75,8,1,0,0,0
T20I # 1841,Sri Lanka,Ireland,Chamika Karunaratne,4,0,29,1,7.25,7,2,1,0,0
T20I # 1841,Sri Lanka,Ireland,Wanindu Hasaranga,4,0,25,2,6.25,6,0,1,0,0
T20I # 1841,Sri Lanka,Ireland,Dhananjaya de Silva,2,0,13,1,6.50,3,1,0,0,0
T20I # 1841,Ireland,Sri Lanka,Josh Little,4,0,45,0,11.25,5,4,1,1,0
T20I # 1841,Ireland,Sri Lanka,Mark Adair,2,0,16,0,8.00,2,1,0,0,0
T20I # 1841,Ireland,Sri Lanka,Barry McCarthy,2,0,16,0,8.00,4,0,1,0,0
T20I # 1841,Ireland,Sri Lanka,Gareth Delany,4,0,28,1,7.00,8,3,0,2,0
T20I # 1841,Ireland,Sri Lanka,Curtis Campher,1,0,8,0,8.00,2,1,0,0,0
T20I # 1841,Ireland,Sri Lanka,Simi Singh,2,0,20,0,10.00,3,0,2,0,0
T20I # 1840,England,Afghanistan,Ben Stokes,4,0,19,2,4.75,14,2,0,1,0
T20I # 1840,England,Afghanistan,Chris Woakes,4,0,24,1,6.00,15,2,1,1,0
T20I # 1840,England,Afghanistan,Mark Wood,4,0,23,2,5.75,14,2,1,0,0
T20I # 1840,England,Afghanistan,Sam Curran,3.4,0,10,5,2.72,16,1,0,1,0
T20I # 1840,England,Afghanistan,Adil Rashid,4,0,32,0,8.00,4,1,1,0,0
T20I # 1840,Afghanistan,England,Fazalhaq Farooqi,4,0,24,1,6.00,15,2,1,3,0
T20I # 1840,Afghanistan,England,Azmatullah Omarzai,1.1,0,11,0,9.42,2,1,0,3,0
T20I # 1840,Afghanistan,England,Mujeeb Ur Rahman,4,0,22,1,5.50,10,1,0,0,0
T20I # 1840,Afghanistan,England,Rashid Khan,4,0,17,1,4.25,10,0,0,0,0
T20I # 1840,Afghanistan,England,Fareed Ahmad,2,0,23,1,11.50,2,2,0,1,0
T20I # 1840,Afghanistan,England,Mohammad Nabi,3,0,16,1,5.33,6,0,0,0,0
T20I # 1839,Australia,New Zealand,Mitchell Starc,4,0,36,0,9.00,5,3,1,0,0
T20I # 1839,Australia,New Zealand,Josh Hazlewood,4,0,41,2,10.25,8,5,1,1,0
T20I # 1839,Australia,New Zealand,Pat Cummins,4,0,46,0,11.50,8,4,2,2,0
T20I # 1839,Australia,New Zealand,Marcus Stoinis,4,0,38,0,9.50,3,1,2,1,0
T20I # 1839,Australia,New Zealand,Adam Zampa,4,0,39,1,9.75,4,2,2,1,0
T20I # 1839,New Zealand,Australia,Trent Boult,4,0,24,2,6.00,13,2,1,1,0
T20I # 1839,New Zealand,Australia,Tim Southee,2.1,0,6,3,2.76,10,1,0,0,0
T20I # 1839,New Zealand,Australia,Mitchell Santner,4,0,31,3,7.75,10,2,2,0,0
T20I # 1839,New Zealand,Australia,Lockie Ferguson,3,0,20,1,6.66,9,2,1,0,0
T20I # 1839,New Zealand,Australia,Ish Sodhi,4,0,29,1,7.25,8,2,1,1,0
T20I # 1838,Zimbabwe,Scotland,Tendai Chatara,4,1,14,2,3.50,14,1,0,0,0
T20I # 1838,Zimbabwe,Scotland,Richard Ngarava,4,0,28,2,7.00,12,4,0,1,1
T20I # 1838,Zimbabwe,Scotland,Blessing Muzarabani,4,0,34,1,8.50,9,5,0,0,2
T20I # 1838,Zimbabwe,Scotland,Sean Williams,3,0,19,0,6.33,4,1,0,0,0
T20I # 1838,Zimbabwe,Scotland,Sikandar Raza,4,0,20,1,5.00,10,0,0,2,0
T20I # 1838,Zimbabwe,Scotland,Wessly Madhevere,1,0,7,0,7.00,1,0,0,0,0
T20I # 1838,Scotland,Zimbabwe,Brad Wheal,4,0,26,1,6.50,12,4,0,0,0
T20I # 1838,Scotland,Zimbabwe,Josh Davey,3,0,16,2,5.33,8,1,0,0,1
T20I # 1838,Scotland,Zimbabwe,Safyaan Sharif,2.3,0,23,0,9.20,4,3,0,0,1
T20I # 1838,Scotland,Zimbabwe,Mark Watt,4,0,19,1,4.75,9,1,0,0,0
T20I # 1838,Scotland,Zimbabwe,Michael Leask,4,0,36,1,9.00,4,2,1,0,0
T20I # 1838,Scotland,Zimbabwe,Calum MacLeod,1,0,11,0,11.00,0,0,1,0,0
T20I # 1837,Ireland,West Indies,Josh Little,4,0,31,0,7.75,8,1,2,1,0
T20I # 1837,Ireland,West Indies,Mark Adair,4,0,26,0,6.50,12,1,1,4,0
T20I # 1837,Ireland,West Indies,Barry McCarthy,4,0,33,1,8.25,9,3,1,1,0
T20I # 1837,Ireland,West Indies,Curtis Campher,2,0,28,0,14.00,2,4,1,0,0
T20I # 1837,Ireland,West Indies,Simi Singh,2,0,11,1,5.50,4,1,0,0,0
T20I # 1837,Ireland,West Indies,Gareth Delany,4,0,16,3,4.00,12,1,0,1,0
T20I # 1837,West Indies,Ireland,Obed McCoy,3.3,0,27,0,7.71,11,2,2,0,0
T20I # 1837,West Indies,Ireland,Akeal Hosein,4,0,38,1,9.50,5,2,2,0,0
T20I # 1837,West Indies,Ireland,Alzarri Joseph,4,0,39,0,9.75,9,3,2,1,0
T20I # 1837,West Indies,Ireland,Odean Smith,2,0,23,0,11.50,4,3,1,0,1
T20I # 1837,West Indies,Ireland,Jason Holder,4,0,23,0,5.75,7,1,0,0,0
T20I # 1836,Namibia,United Arab Emirates,Ruben Trumpelmann,4,0,22,0,5.50,10,0,0,3,0
T20I # 1836,Namibia,United Arab Emirates,David Wiese,4,0,27,1,6.75,12,2,1,1,0
T20I # 1836,Namibia,United Arab Emirates,Bernard Scholtz,4,0,22,1,5.50,11,1,1,0,0
T20I # 1836,Namibia,United Arab Emirates,JJ Smit,4,0,39,0,9.75,11,2,3,0,0
T20I # 1836,Namibia,United Arab Emirates,Jan Frylinck,3,0,30,0,10.00,3,2,1,1,0
T20I # 1836,Namibia,United Arab Emirates,Ben Shikongo,1,0,8,1,8.00,1,1,0,0,0
T20I # 1836,United Arab Emirates,Namibia,Basil Hameed,3,0,17,2,5.66,10,2,0,0,0
T20I # 1836,United Arab Emirates,Namibia,Junaid Siddique,4,0,35,1,8.75,8,3,1,2,0
T20I # 1836,United Arab Emirates,Namibia,Zahoor Khan,4,0,20,2,5.00,15,1,0,2,2
T20I # 1836,United Arab Emirates,Namibia,Ahmed Raza,1,0,9,0,9.00,1,1,0,0,0
T20I # 1836,United Arab Emirates,Namibia,Karthik Meiyappan,4,0,34,1,8.50,8,2,2,0,0
T20I # 1836,United Arab Emirates,Namibia,Aayan Afzal Khan,2,0,7,0,3.50,5,0,0,0,0
T20I # 1836,United Arab Emirates,Namibia,Muhammad Waseem,2,0,16,1,8.00,3,0,1,0,0
T20I # 1835,Netherlands,Sri Lanka,Fred Klaassen,4,0,34,1,8.50,9,1,2,0,0
T20I # 1835,Netherlands,Sri Lanka,Tim Pringle,3,0,22,0,7.33,8,0,2,0,0
T20I # 1835,Netherlands,Sri Lanka,Roelof van der Merwe,3,0,16,0,5.33,10,2,0,0,0
T20I # 1835,Netherlands,Sri Lanka,Paul van Meekeren,4,0,25,2,6.25,11,3,0,1,0
T20I # 1835,Netherlands,Sri Lanka,Bas de Leede,3,0,31,2,10.33,5,2,2,0,0
T20I # 1835,Netherlands,Sri Lanka,Timm van der Gugten,3,0,31,1,10.33,3,2,1,0,0
T20I # 1835,Sri Lanka,Netherlands,Dhananjaya de Silva,1,0,5,0,5.00,1,0,0,0,0
T20I # 1835,Sri Lanka,Netherlands,Lahiru Kumara,4,0,28,1,7.00,14,2,1,1,0
T20I # 1835,Sri Lanka,Netherlands,Binura Fernando,4,0,33,1,8.25,11,4,1,1,0
T20I # 1835,Sri Lanka,Netherlands,Maheesh Theekshana,4,0,32,2,8.00,12,1,2,2,1
T20I # 1835,Sri Lanka,Netherlands,Wanindu Hasaranga,4,0,28,3,7.00,11,3,0,0,0
T20I # 1835,Sri Lanka,Netherlands,Chamika Karunaratne,2,0,11,0,5.50,6,1,0,1,0
T20I # 1835,Sri Lanka,Netherlands,Dasun Shanaka,1,0,7,0,7.00,3,1,0,0,0
T20I # 1834,Zimbabwe,West Indies,Richard Ngarava,3,0,20,0,6.66,9,1,1,1,0
T20I # 1834,Zimbabwe,West Indies,Tendai Chatara,3,0,22,0,7.33,5,2,0,2,0
T20I # 1834,Zimbabwe,West Indies,Blessing Muzarabani,4,0,38,2,9.50,10,2,2,2,1
T20I # 1834,Zimbabwe,West Indies,Ryan Burl,3,0,27,0,9.00,5,3,1,0,0
T20I # 1834,Zimbabwe,West Indies,Sikandar Raza,4,0,19,3,4.75,7,0,0,0,0
T20I # 1834,Zimbabwe,West Indies,Sean Williams,3,0,17,1,5.66,7,1,0,0,1
T20I # 1834,West Indies,Zimbabwe,Kyle Mayers,1,0,17,0,17.00,3,3,0,1,0
T20I # 1834,West Indies,Zimbabwe,Akeal Hosein,4,0,25,1,6.25,12,1,1,1,1
T20I # 1834,West Indies,Zimbabwe,Alzarri Joseph,4,0,16,4,4.00,16,1,1,0,0
T20I # 1834,West Indies,Zimbabwe,Obed McCoy,3,0,19,1,6.33,9,3,0,0,0
T20I # 1834,West Indies,Zimbabwe,Jason Holder,3.2,0,12,3,3.60,12,1,0,0,0
T20I # 1834,West Indies,Zimbabwe,Odean Smith,3,0,31,1,10.33,8,4,1,1,1
T20I # 1833,Ireland,Scotland,Josh Little,4,0,30,1,7.50,10,2,1,1,0
T20I # 1833,Ireland,Scotland,Mark Adair,4,0,23,1,5.75,12,2,0,2,0
T20I # 1833,Ireland,Scotland,Barry McCarthy,4,0,59,0,14.75,4,6,3,1,1
T20I # 1833,Ireland,Scotland,Gareth Delany,3,0,28,0,9.33,3,2,1,0,0
T20I # 1833,Ireland,Scotland,Simi Singh,2,0,16,0,8.00,2,2,0,0,0
T20I # 1833,Ireland,Scotland,Curtis Campher,2,0,9,2,4.50,7,1,0,0,0
T20I # 1833,Ireland,Scotland,George Dockrell,1,0,9,0,9.00,1,1,0,0,0
T20I # 1833,Scotland,Ireland,Mark Watt,4,0,39,1,9.75,10,2,1,2,0
T20I # 1833,Scotland,Ireland,Brad Wheal,4,0,25,1,6.25,11,2,1,0,0
T20I # 1833,Scotland,Ireland,Josh Davey,4,0,46,0,11.50,5,8,0,1,0
T20I # 1833,Scotland,Ireland,Safyaan Sharif,3,0,32,1,10.66,3,4,0,1,0
T20I # 1833,Scotland,Ireland,Chris Greaves,2,0,18,0,9.00,1,0,1,1,0
T20I # 1833,Scotland,Ireland,Michael Leask,2,0,16,1,8.00,2,1,0,0,0
T20I # 1832,United Arab Emirates,Sri Lanka,Junaid Siddique,4,0,36,0,9.00,8,2,1,2,0
T20I # 1832,United Arab Emirates,Sri Lanka,Kashif Daud,1,0,14,0,14.00,0,2,0,0,0
T20I # 1832,United Arab Emirates,Sri Lanka,Zahoor Khan,4,0,26,2,6.50,10,3,0,0,0
T20I # 1832,United Arab Emirates,Sri Lanka,Aayan Afzal Khan,3,0,16,1,5.33,7,1,0,0,0
T20I # 1832,United Arab Emirates,Sri Lanka,Aryan Lakra,3,0,24,1,8.00,5,3,0,0,0
T20I # 1832,United Arab Emirates,Sri Lanka,Karthik Meiyappan,4,0,19,3,4.75,12,0,1,0,0
T20I # 1832,United Arab Emirates,Sri Lanka,Basil Hameed,1,0,13,0,13.00,1,1,1,0,0
T20I # 1832,Sri Lanka,United Arab Emirates,Pramod Madushan,3,0,14,1,4.66,12,2,0,1,0
T20I # 1832,Sri Lanka,United Arab Emirates,Maheesh Theekshana,3.1,0,15,2,4.73,10,2,0,0,0
T20I # 1832,Sri Lanka,United Arab Emirates,Dushmantha Chameera,3.5,0,15,3,3.91,16,0,1,0,0
T20I # 1832,Sri Lanka,United Arab Emirates,Chamika Karunaratne,2,0,14,0,7.00,5,2,0,0,0
T20I # 1832,Sri Lanka,United Arab Emirates,Wanindu Hasaranga,4,1,8,3,2.00,17,0,0,0,0
T20I # 1832,Sri Lanka,United Arab Emirates,Dasun Shanaka,1.1,0,7,1,6.00,3,0,0,1,0
T20I # 1830,Netherlands,Namibia,Fred Klaassen,3,0,15,0,5.00,11,1,0,0,0
T20I # 1830,Netherlands,Namibia,Tim Pringle,3,0,15,1,5.00,8,0,0,0,0
T20I # 1830,Netherlands,Namibia,Bas de Leede,3,0,18,2,6.00,6,1,0,0,0
T20I # 1830,Netherlands,Namibia,Colin Ackermann,3,0,17,1,5.66,8,2,0,0,0
T20I # 1830,Netherlands,Namibia,Paul van Meekeren,4,0,18,1,4.50,11,1,0,1,0
T20I # 1830,Netherlands,Namibia,Timm van der Gugten,3,0,29,0,9.66,4,1,1,2,0
T20I # 1830,Netherlands,Namibia,Roelof van der Merwe,1,0,6,1,6.00,1,0,0,1,0
T20I # 1830,Namibia,Netherlands,Bernard Scholtz,4,0,21,1,5.25,10,0,1,0,0
T20I # 1830,Namibia,Netherlands,David Wiese,2.3,0,22,0,8.80,4,3,0,0,0
T20I # 1830,Namibia,Netherlands,Gerhard Erasmus,3,0,13,0,4.33,8,0,0,1,0
T20I # 1830,Namibia,Netherlands,Ben Shikongo,1,0,18,0,18.00,1,0,2,1,0
T20I # 1830,Namibia,Netherlands,JJ Smit,4,0,24,2,6.00,9,2,0,0,0
T20I # 1830,Namibia,Netherlands,Jan Frylinck,4,1,16,1,4.00,11,1,0,0,0
T20I # 1830,Namibia,Netherlands,Jan Nicol Loftie-Eaton,1,0,8,0,8.00,2,1,0,0,1
T20I # 1828,Ireland,Zimbabwe,Josh Little,4,0,24,3,6.00,11,3,0,0,0
T20I # 1828,Ireland,Zimbabwe,Mark Adair,4,0,39,2,9.75,6,3,1,2,0
T20I # 1828,Ireland,Zimbabwe,Barry McCarthy,4,0,24,0,6.00,11,2,0,2,0
T20I # 1828,Ireland,Zimbabwe,Curtis Campher,3,0,29,0,9.66,6,2,2,0,0
T20I # 1828,Ireland,Zimbabwe,Simi Singh,3,0,31,2,10.33,5,2,2,1,0
T20I # 1828,Ireland,Zimbabwe,Gareth Delany,2,0,21,0,10.50,4,2,1,1,0
T20I # 1828,Zimbabwe,Ireland,Richard Ngarava,4,0,22,2,5.50,13,3,0,0,0
T20I # 1828,Zimbabwe,Ireland,Tendai Chatara,4,0,22,2,5.50,13,1,1,2,0
T20I # 1828,Zimbabwe,Ireland,Blessing Muzarabani,4,0,23,3,5.75,14,0,2,0,1
T20I # 1828,Zimbabwe,Ireland,Luke Jongwe,2,0,24,0,12.00,1,4,0,0,0
T20I # 1828,Zimbabwe,Ireland,Sean Williams,3,0,20,1,6.66,3,0,0,0,0
T20I # 1828,Zimbabwe,Ireland,Sikandar Raza,3,0,22,1,7.33,8,1,1,1,0
T20I # 1826,West Indies,Scotland,Kyle Mayers,2,0,24,0,12.00,5,5,0,2,0
T20I # 1826,West Indies,Scotland,Akeal Hosein,4,0,31,0,7.75,8,2,1,0,0
T20I # 1826,West Indies,Scotland,Alzarri Joseph,4,0,28,2,7.00,9,3,0,2,0
T20I # 1826,West Indies,Scotland,Obed McCoy,3,0,25,0,8.33,6,4,0,0,0
T20I # 1826,West Indies,Scotland,Jason Holder,3,0,14,2,4.66,8,1,0,0,0
T20I # 1826,West Indies,Scotland,Odean Smith,4,0,31,1,7.75,6,3,0,1,0
T20I # 1826,Scotland,West Indies,Mark Watt,4,0,12,3,3.00,16,1,0,1,0
T20I # 1826,Scotland,West Indies,Brad Wheal,4,0,32,2,8.00,10,4,1,0,0
T20I # 1826,Scotland,West Indies,Josh Davey,3,0,34,1,11.33,8,4,2,1,0
T20I # 1826,Scotland,West Indies,Safyaan Sharif,3.3,0,23,1,6.57,7,2,0,2,0
T20I # 1826,Scotland,West Indies,Michael Leask,4,0,15,2,3.75,11,0,0,1,0
T20I # 1825,Netherlands,United Arab Emirates,Fred Klaassen,4,0,13,2,3.25,18,0,0,3,0
T20I # 1825,Netherlands,United Arab Emirates,Tim Pringle,4,0,13,1,3.25,11,0,0,0,0
T20I # 1825,Netherlands,United Arab Emirates,Logan van Beek,2,0,19,0,9.50,5,0,2,1,0
T20I # 1825,Netherlands,United Arab Emirates,Bas de Leede,3,0,19,3,6.33,9,2,0,2,0
T20I # 1825,Netherlands,United Arab Emirates,Paul van Meekeren,4,0,21,0,5.25,11,1,0,0,0
T20I # 1825,Netherlands,United Arab Emirates,Roelof van der Merwe,3,0,19,1,6.33,7,0,1,0,0
T20I # 1825,United Arab Emirates,Netherlands,Junaid Siddique,4,0,24,3,6.00,10,2,0,1,0
T20I # 1825,United Arab Emirates,Netherlands,Basil Hameed,1,0,7,1,7.00,4,0,1,0,0
T20I # 1825,United Arab Emirates,Netherlands,Aayan Afzal Khan,3,0,15,1,5.00,8,1,0,0,0
T20I # 1825,United Arab Emirates,Netherlands,Karthik Meiyappan,4,0,22,1,5.50,11,2,0,0,0
T20I # 1825,United Arab Emirates,Netherlands,Zahoor Khan,4,0,11,1,2.75,14,0,0,0,0
T20I # 1825,United Arab Emirates,Netherlands,Zawar Farid,2.5,0,24,0,8.47,2,2,0,0,0
T20I # 1825,United Arab Emirates,Netherlands,Kashif Daud,1,0,5,0,5.00,1,0,0,0,0
T20I # 1823,Sri Lanka,Namibia,Maheesh Theekshana,4,0,23,1,5.75,7,0,0,2,0
T20I # 1823,Sri Lanka,Namibia,Dushmantha Chameera,4,0,39,1,9.75,6,3,1,2,0
T20I # 1823,Sri Lanka,Namibia,Pramod Madushan,4,0,37,2,9.25,6,3,1,0,0
T20I # 1823,Sri Lanka,Namibia,Chamika Karunaratne,4,0,36,1,9.00,7,3,1,1,0
T20I # 1823,Sri Lanka,Namibia,Wanindu Hasaranga,4,0,27,1,6.75,8,1,1,0,0
T20I # 1823,Namibia,Sri Lanka,Gerhard Erasmus,1,0,8,0,8.00,1,1,0,0,0
T20I # 1823,Namibia,Sri Lanka,David Wiese,4,0,16,2,4.00,13,1,0,0,0
T20I # 1823,Namibia,Sri Lanka,Bernard Scholtz,4,0,18,2,4.50,10,1,0,0,0
T20I # 1823,Namibia,Sri Lanka,Ben Shikongo,3,1,22,2,7.33,6,3,0,0,0
T20I # 1823,Namibia,Sri Lanka,JJ Smit,3,0,16,1,5.33,7,0,0,1,0
T20I # 1823,Namibia,Sri Lanka,Jan Frylinck,4,0,26,2,6.50,10,0,2,1,0
