team1,team2,winner,margin,ground,date,Edition,Match_id,ScoreCard Link
USA,CAN,U.S.A.,7 wickets, Dallas, June 01 2024,2024 T20WC,T20WC 2024 #1,https://espncricinfo.com/series/icc-men-s-t20-world-cup-2024-1411166/united-states-of-america-vs-canada-1st-match-group-a-1415701/full-scorecard
WI,PNG,West Indies,5 wickets, Providence, June 02 2024,2024 T20WC,T20WC 2024 #2,https://espncricinfo.com/series/icc-men-s-t20-world-cup-2024-1411166/west-indies-vs-papua-new-guinea-2nd-match-group-c-1415702/full-scorecard
OMA,NAM,Namibia,Super Over win, Bridgetown, June 02 2024,2024 T20WC,T20WC 2024 #3,https://espncricinfo.com/series/icc-men-s-t20-world-cup-2024-1411166/namibia-vs-oman-3rd-match-group-b-1415703/full-scorecard
SL,SA,South Africa,6 wickets, New York, June 03 2024,2024 T20WC,T20WC 2024 #4,https://espncricinfo.com/series/icc-men-s-t20-world-cup-2024-1411166/south-africa-vs-sri-lanka-4th-match-group-d-1415704/full-scorecard
AFG,UGA,Afghanistan,125 runs, Providence, June 03 2024,2024 T20WC,T20WC 2024 #5,https://espncricinfo.com/series/icc-men-s-t20-world-cup-2024-1411166/afghanistan-vs-uganda-5th-match-group-c-1415705/full-scorecard
SCOT,ENG,No result,, Bridgetown, June 04 2024,2024 T20WC,T20WC 2024 #6,https://espncricinfo.com/series/icc-men-s-t20-world-cup-2024-1411166/england-vs-scotland-6th-match-group-b-1415706/full-scorecard
NEP,NED,Netherlands,6 wickets, Dallas, June 04 2024,2024 T20WC,T20WC 2024 #7,https://espncricinfo.com/series/icc-men-s-t20-world-cup-2024-1411166/nepal-vs-netherlands-7th-match-group-d-1415707/full-scorecard
IRE,IND,India,8 wickets, New York, June 05 2024,2024 T20WC,T20WC 2024 #8,https://espncricinfo.com/series/icc-men-s-t20-world-cup-2024-1411166/india-vs-ireland-8th-match-group-a-1415708/full-scorecard
PNG,UGA,Uganda,3 wickets, Providence, June 05 2024,2024 T20WC,T20WC 2024 #9,https://espncricinfo.com/series/icc-men-s-t20-world-cup-2024-1411166/papua-new-guinea-vs-uganda-9th-match-group-c-1415709/full-scorecard
AUS,OMA,Australia,39 runs, Bridgetown, June 05 2024,2024 T20WC,T20WC 2024 #10,https://espncricinfo.com/series/icc-men-s-t20-world-cup-2024-1411166/australia-vs-oman-10th-match-group-b-1415710/full-scorecard
USA,PAK,U.S.A.,Super Over win, Dallas, June 06 2024,2024 T20WC,T20WC 2024 #11,https://espncricinfo.com/series/icc-men-s-t20-world-cup-2024-1411166/united-states-of-america-vs-pakistan-11th-match-group-a-1415711/full-scorecard
NAM,SCOT,Scotland,5 wickets, Bridgetown, June 06 2024,2024 T20WC,T20WC 2024 #12,https://espncricinfo.com/series/icc-men-s-t20-world-cup-2024-1411166/namibia-vs-scotland-12th-match-group-b-1415712/full-scorecard
CAN,IRE,Canada,12 runs, New York, June 07 2024,2024 T20WC,T20WC 2024 #13,https://espncricinfo.com/series/icc-men-s-t20-world-cup-2024-1411166/canada-vs-ireland-13th-match-group-a-1415713/full-scorecard
AFG,NZ,Afghanistan,84 runs, Providence, June 07 2024,2024 T20WC,T20WC 2024 #14,https://espncricinfo.com/series/icc-men-s-t20-world-cup-2024-1411166/afghanistan-vs-new-zealand-14th-match-group-c-1415714/full-scorecard
SL,BAN,Bangladesh,2 wickets, Dallas, June 07 2024,2024 T20WC,T20WC 2024 #15,https://espncricinfo.com/series/icc-men-s-t20-world-cup-2024-1411166/bangladesh-vs-sri-lanka-15th-match-group-d-1415715/full-scorecard
NED,SA,South Africa,4 wickets, New York, June 08 2024,2024 T20WC,T20WC 2024 #16,https://espncricinfo.com/series/icc-men-s-t20-world-cup-2024-1411166/netherlands-vs-south-africa-16th-match-group-d-1415716/full-scorecard
AUS,ENG,Australia,36 runs, Bridgetown, June 08 2024,2024 T20WC,T20WC 2024 #17,https://espncricinfo.com/series/icc-men-s-t20-world-cup-2024-1411166/australia-vs-england-17th-match-group-b-1415717/full-scorecard
WI,UGA,West Indies,134 runs, Providence, June 08 2024,2024 T20WC,T20WC 2024 #18,https://espncricinfo.com/series/icc-men-s-t20-world-cup-2024-1411166/west-indies-vs-uganda-18th-match-group-c-1415718/full-scorecard
IND,PAK,India,6 runs, New York, June 09 2024,2024 T20WC,T20WC 2024 #19,https://espncricinfo.com/series/icc-men-s-t20-world-cup-2024-1411166/india-vs-pakistan-19th-match-group-a-1415719/full-scorecard
OMA,SCOT,Scotland,7 wickets, North Sound, June 09 2024,2024 T20WC,T20WC 2024 #20,https://espncricinfo.com/series/icc-men-s-t20-world-cup-2024-1411166/oman-vs-scotland-20th-match-group-b-1415720/full-scorecard
SA,BAN,South Africa,4 runs, New York, June 10 2024,2024 T20WC,T20WC 2024 #21,https://espncricinfo.com/series/icc-men-s-t20-world-cup-2024-1411166/bangladesh-vs-south-africa-21st-match-group-d-1415721/full-scorecard
CAN,PAK,Pakistan,7 wickets, New York, June 11 2024,2024 T20WC,T20WC 2024 #22,https://espncricinfo.com/series/icc-men-s-t20-world-cup-2024-1411166/canada-vs-pakistan-22nd-match-group-a-1415722/full-scorecard
NEP,SL,No result,, Lauderhill, June 11 2024,2024 T20WC,T20WC 2024 #23,https://espncricinfo.com/series/icc-men-s-t20-world-cup-2024-1411166/nepal-vs-sri-lanka-23rd-match-group-d-1415723/full-scorecard
NAM,AUS,Australia,9 wickets, North Sound, June 11 2024,2024 T20WC,T20WC 2024 #24,https://espncricinfo.com/series/icc-men-s-t20-world-cup-2024-1411166/australia-vs-namibia-24th-match-group-b-1415724/full-scorecard
USA,IND,India,7 wickets, New York, June 12 2024,2024 T20WC,T20WC 2024 #25,https://espncricinfo.com/series/icc-men-s-t20-world-cup-2024-1411166/united-states-of-america-vs-india-25th-match-group-a-1415725/full-scorecard
WI,NZ,West Indies,13 runs, Tarouba, June 12 2024,2024 T20WC,T20WC 2024 #26,https://espncricinfo.com/series/icc-men-s-t20-world-cup-2024-1411166/west-indies-vs-new-zealand-26th-match-group-c-1415726/full-scorecard
BAN,NED,Bangladesh,25 runs, Kingstown, June 13 2024,2024 T20WC,T20WC 2024 #27,https://espncricinfo.com/series/icc-men-s-t20-world-cup-2024-1411166/bangladesh-vs-netherlands-27th-match-group-d-1415727/full-scorecard
OMA,ENG,England,8 wickets, North Sound, June 13 2024,2024 T20WC,T20WC 2024 #28,https://espncricinfo.com/series/icc-men-s-t20-world-cup-2024-1411166/england-vs-oman-28th-match-group-b-1415728/full-scorecard
PNG,AFG,Afghanistan,7 wickets, Tarouba, June 13 2024,2024 T20WC,T20WC 2024 #29,https://espncricinfo.com/series/icc-men-s-t20-world-cup-2024-1411166/afghanistan-vs-papua-new-guinea-29th-match-group-c-1415729/full-scorecard
USA,IRE,No result,, Lauderhill, June 14 2024,2024 T20WC,T20WC 2024 #30,https://espncricinfo.com/series/icc-men-s-t20-world-cup-2024-1411166/united-states-of-america-vs-ireland-30th-match-group-a-1415730/full-scorecard
SA,NEP,South Africa,1 run, Kingstown, June 14 2024,2024 T20WC,T20WC 2024 #31,https://espncricinfo.com/series/icc-men-s-t20-world-cup-2024-1411166/nepal-vs-south-africa-31st-match-group-d-1415731/full-scorecard
UGA,NZ,New Zealand,9 wickets, Tarouba, June 14 2024,2024 T20WC,T20WC 2024 #32,https://espncricinfo.com/series/icc-men-s-t20-world-cup-2024-1411166/new-zealand-vs-uganda-32nd-match-group-c-1415732/full-scorecard
CAN,IND,No result,, Lauderhill, June 15 2024,2024 T20WC,T20WC 2024 #33,https://espncricinfo.com/series/icc-men-s-t20-world-cup-2024-1411166/canada-vs-india-33rd-match-group-a-1415733/full-scorecard
ENG,NAM,England,41 runs, North Sound, June 15 2024,2024 T20WC,T20WC 2024 #34,https://espncricinfo.com/series/icc-men-s-t20-world-cup-2024-1411166/england-vs-namibia-34th-match-group-b-1415734/full-scorecard
SCOT,AUS,Australia,5 wickets, Gros Islet, June 15 2024,2024 T20WC,T20WC 2024 #35,https://espncricinfo.com/series/icc-men-s-t20-world-cup-2024-1411166/australia-vs-scotland-35th-match-group-b-1415735/full-scorecard
IRE,PAK,Pakistan,3 wickets, Lauderhill, June 16 2024,2024 T20WC,T20WC 2024 #36,https://espncricinfo.com/series/icc-men-s-t20-world-cup-2024-1411166/ireland-vs-pakistan-36th-match-group-a-1415736/full-scorecard
BAN,NEP,Bangladesh,21 runs, Kingstown, June 16 2024,2024 T20WC,T20WC 2024 #37,https://espncricinfo.com/series/icc-men-s-t20-world-cup-2024-1411166/bangladesh-vs-nepal-37th-match-group-d-1415737/full-scorecard
SL,NED,Sri Lanka,83 runs, Gros Islet, June 16 2024,2024 T20WC,T20WC 2024 #38,https://espncricinfo.com/series/icc-men-s-t20-world-cup-2024-1411166/netherlands-vs-sri-lanka-38th-match-group-d-1415738/full-scorecard
PNG,NZ,New Zealand,7 wickets, Tarouba, June 17 2024,2024 T20WC,T20WC 2024 #39,https://espncricinfo.com/series/icc-men-s-t20-world-cup-2024-1411166/new-zealand-vs-papua-new-guinea-39th-match-group-c-1415739/full-scorecard
WI,AFG,West Indies,104 runs, Gros Islet, June 17 2024,2024 T20WC,T20WC 2024 #40,https://espncricinfo.com/series/icc-men-s-t20-world-cup-2024-1411166/west-indies-vs-afghanistan-40th-match-group-c-1415740/full-scorecard
SA,USA,South Africa,18 runs, North Sound, June 19 2024,2024 T20WC,T20WC 2024 #41,https://espncricinfo.com/series/icc-men-s-t20-world-cup-2024-1411166/south-africa-vs-united-states-of-america-41st-match-super-eights-group-2-1415741/full-scorecard
WI,ENG,England,8 wickets, Gros Islet, June 19 2024,2024 T20WC,T20WC 2024 #42,https://espncricinfo.com/series/icc-men-s-t20-world-cup-2024-1411166/west-indies-vs-england-42nd-match-super-eights-group-2-1415742/full-scorecard
IND,AFG,India,47 runs, Bridgetown, June 20 2024,2024 T20WC,T20WC 2024 #43,https://espncricinfo.com/series/icc-men-s-t20-world-cup-2024-1411166/afghanistan-vs-india-43rd-match-super-eights-group-1-1415743/full-scorecard
BAN,AUS,Australia,28 runs, North Sound, June 20 2024,2024 T20WC,T20WC 2024 #44,https://espncricinfo.com/series/icc-men-s-t20-world-cup-2024-1411166/australia-vs-bangladesh-44th-match-super-eights-group-1-1415744/full-scorecard
SA,ENG,South Africa,7 runs, Gros Islet, June 21 2024,2024 T20WC,T20WC 2024 #45,https://espncricinfo.com/series/icc-men-s-t20-world-cup-2024-1411166/england-vs-south-africa-45th-match-super-eights-group-2-1415745/full-scorecard
WI,USA,West Indies,9 wickets, Bridgetown, June 21 2024,2024 T20WC,T20WC 2024 #46,https://espncricinfo.com/series/icc-men-s-t20-world-cup-2024-1411166/west-indies-vs-united-states-of-america-46th-match-super-eights-group-2-1415746/full-scorecard
IND,BAN,India,50 runs, North Sound, June 22 2024,2024 T20WC,T20WC 2024 #47,https://espncricinfo.com/series/icc-men-s-t20-world-cup-2024-1411166/bangladesh-vs-india-47th-match-super-eights-group-1-1415747/full-scorecard
AFG,AUS,Afghanistan,21 runs, Kingstown, June 22 2024,2024 T20WC,T20WC 2024 #48,https://espncricinfo.com/series/icc-men-s-t20-world-cup-2024-1411166/afghanistan-vs-australia-48th-match-super-eights-group-1-1415748/full-scorecard
USA,ENG,England,10 wickets, Bridgetown, June 23 2024,2024 T20WC,T20WC 2024 #49,https://espncricinfo.com/series/icc-men-s-t20-world-cup-2024-1411166/england-vs-united-states-of-america-49th-match-super-eights-group-2-1415749/full-scorecard
WI,SA,South Africa,3 wickets, North Sound, June 23 2024,2024 T20WC,T20WC 2024 #50,https://espncricinfo.com/series/icc-men-s-t20-world-cup-2024-1411166/west-indies-vs-south-africa-50th-match-super-eights-group-2-1415750/full-scorecard
IND,AUS,India,24 runs, Gros Islet, June 24 2024,2024 T20WC,T20WC 2024 #51,https://espncricinfo.com/series/icc-men-s-t20-world-cup-2024-1411166/australia-vs-india-51st-match-super-eights-group-1-1415751/full-scorecard
AFG,BAN,Afghanistan,8 runs, Kingstown, June 24 2024,2024 T20WC,T20WC 2024 #52,https://espncricinfo.com/series/icc-men-s-t20-world-cup-2024-1411166/afghanistan-vs-bangladesh-52nd-match-super-eights-group-1-1415752/full-scorecard
AFG,SA,South Africa,9 wickets, Tarouba, June 26 2024,2024 T20WC,T20WC 2024 #53,https://espncricinfo.com/series/icc-men-s-t20-world-cup-2024-1411166/afghanistan-vs-south-africa-1st-semi-final-1415753/full-scorecard
IND,ENG,India,68 runs, Providence, June 27 2024,2024 T20WC,T20WC 2024 #54,https://espncricinfo.com/series/icc-men-s-t20-world-cup-2024-1411166/england-vs-india-2nd-semi-final-1415754/full-scorecard
IND,SA,India,7 runs, Bridgetown, June 29 2024,2024 T20WC,T20WC 2024 #55,https://espncricinfo.com/series/icc-men-s-t20-world-cup-2024-1411166/india-vs-south-africa-final-1415755/full-scorecard
NAM,SL,Namibia,55 runs, Geelong, October 16 2022,2022 T20WC,T20WC 2022 #1,https://espncricinfo.com/series/icc-men-s-t20-world-cup-2022-23-1298134/namibia-vs-sri-lanka-1st-match-first-round-group-a-1298135/full-scorecard
UAE,NED,Netherlands,3 wickets, Geelong, October 16 2022,2022 T20WC,T20WC 2022 #2,https://espncricinfo.com/series/icc-men-s-t20-world-cup-2022-23-1298134/netherlands-vs-united-arab-emirates-2nd-match-first-round-group-a-1298136/full-scorecard
SCOT,WI,Scotland,42 runs, Hobart, October 17 2022,2022 T20WC,T20WC 2022 #3,https://espncricinfo.com/series/icc-men-s-t20-world-cup-2022-23-1298134/scotland-vs-west-indies-3rd-match-first-round-group-b-1298137/full-scorecard
ZIM,IRE,Zimbabwe,31 runs, Hobart, October 17 2022,2022 T20WC,T20WC 2022 #4,https://espncricinfo.com/series/icc-men-s-t20-world-cup-2022-23-1298134/ireland-vs-zimbabwe-4th-match-first-round-group-b-1298138/full-scorecard
NAM,NED,Netherlands,5 wickets, Geelong, October 18 2022,2022 T20WC,T20WC 2022 #5,https://espncricinfo.com/series/icc-men-s-t20-world-cup-2022-23-1298134/namibia-vs-netherlands-5th-match-first-round-group-a-1298139/full-scorecard
SL,UAE,Sri Lanka,79 runs, Geelong, October 18 2022,2022 T20WC,T20WC 2022 #6,https://espncricinfo.com/series/icc-men-s-t20-world-cup-2022-23-1298134/sri-lanka-vs-united-arab-emirates-6th-match-first-round-group-a-1298140/full-scorecard
SCOT,IRE,Ireland,6 wickets, Hobart, October 19 2022,2022 T20WC,T20WC 2022 #7,https://espncricinfo.com/series/icc-men-s-t20-world-cup-2022-23-1298134/ireland-vs-scotland-7th-match-first-round-group-b-1298141/full-scorecard
WI,ZIM,West Indies,31 runs, Hobart, October 19 2022,2022 T20WC,T20WC 2022 #8,https://espncricinfo.com/series/icc-men-s-t20-world-cup-2022-23-1298134/west-indies-vs-zimbabwe-8th-match-first-round-group-b-1298142/full-scorecard
SL,NED,Sri Lanka,16 runs, Geelong, October 20 2022,2022 T20WC,T20WC 2022 #9,https://espncricinfo.com/series/icc-men-s-t20-world-cup-2022-23-1298134/netherlands-vs-sri-lanka-9th-match-first-round-group-a-1298143/full-scorecard
UAE,NAM,U.A.E.,7 runs, Geelong, October 20 2022,2022 T20WC,T20WC 2022 #10,https://espncricinfo.com/series/icc-men-s-t20-world-cup-2022-23-1298134/namibia-vs-united-arab-emirates-10th-match-first-round-group-a-1298144/full-scorecard
WI,IRE,Ireland,9 wickets, Hobart, October 21 2022,2022 T20WC,T20WC 2022 #11,https://espncricinfo.com/series/icc-men-s-t20-world-cup-2022-23-1298134/ireland-vs-west-indies-11th-match-first-round-group-b-1298145/full-scorecard
SCOT,ZIM,Zimbabwe,5 wickets, Hobart, October 21 2022,2022 T20WC,T20WC 2022 #12,https://espncricinfo.com/series/icc-men-s-t20-world-cup-2022-23-1298134/scotland-vs-zimbabwe-12th-match-first-round-group-b-1298146/full-scorecard
AUS,NZ,New Zealand,89 runs, Sydney, October 22 2022,2022 T20WC,T20WC 2022 #13,https://espncricinfo.com/series/icc-men-s-t20-world-cup-2022-23-1298134/australia-vs-new-zealand-13th-match-group-1-1298147/full-scorecard
AFG,ENG,England,5 wickets, Perth, October 22 2022,2022 T20WC,T20WC 2022 #14,https://espncricinfo.com/series/icc-men-s-t20-world-cup-2022-23-1298134/afghanistan-vs-england-14th-match-group-1-1298148/full-scorecard
IRE,SL,Sri Lanka,9 wickets, Hobart, October 23 2022,2022 T20WC,T20WC 2022 #15,https://espncricinfo.com/series/icc-men-s-t20-world-cup-2022-23-1298134/ireland-vs-sri-lanka-15th-match-group-1-1298149/full-scorecard
PAK,IND,India,4 wickets, Melbourne, October 23 2022,2022 T20WC,T20WC 2022 #16,https://espncricinfo.com/series/icc-men-s-t20-world-cup-2022-23-1298134/india-vs-pakistan-16th-match-group-2-1298150/full-scorecard
BAN,NED,Bangladesh,9 runs, Hobart, October 24 2022,2022 T20WC,T20WC 2022 #17,https://espncricinfo.com/series/icc-men-s-t20-world-cup-2022-23-1298134/bangladesh-vs-netherlands-17th-match-group-2-1298151/full-scorecard
ZIM,SA,No result,, Hobart, October 24 2022,2022 T20WC,T20WC 2022 #18,https://espncricinfo.com/series/icc-men-s-t20-world-cup-2022-23-1298134/south-africa-vs-zimbabwe-18th-match-group-2-1298152/full-scorecard
AUS,SL,Australia,7 wickets, Perth, October 25 2022,2022 T20WC,T20WC 2022 #19,https://espncricinfo.com/series/icc-men-s-t20-world-cup-2022-23-1298134/australia-vs-sri-lanka-19th-match-group-1-1298153/full-scorecard
IRE,ENG,Ireland,5 runs, Melbourne, October 26 2022,2022 T20WC,T20WC 2022 #20,https://espncricinfo.com/series/icc-men-s-t20-world-cup-2022-23-1298134/england-vs-ireland-20th-match-group-1-1298154/full-scorecard
AFG,NZ,No result,, Melbourne, October 26 2022,2022 T20WC,T20WC 2022 #21,https://espncricinfo.com/series/icc-men-s-t20-world-cup-2022-23-1298134/afghanistan-vs-new-zealand-21st-match-group-1-1298155/full-scorecard
SA,BAN,South Africa,104 runs, Sydney, October 27 2022,2022 T20WC,T20WC 2022 #22,https://espncricinfo.com/series/icc-men-s-t20-world-cup-2022-23-1298134/bangladesh-vs-south-africa-22nd-match-group-2-1298156/full-scorecard
IND,NED,India,56 runs, Sydney, October 27 2022,2022 T20WC,T20WC 2022 #23,https://espncricinfo.com/series/icc-men-s-t20-world-cup-2022-23-1298134/india-vs-netherlands-23rd-match-group-2-1298157/full-scorecard
ZIM,PAK,Zimbabwe,1 run, Perth, October 27 2022,2022 T20WC,T20WC 2022 #24,https://espncricinfo.com/series/icc-men-s-t20-world-cup-2022-23-1298134/pakistan-vs-zimbabwe-24th-match-group-2-1298158/full-scorecard
AFG,IRE,No result,, Melbourne, October 28 2022,2022 T20WC,T20WC 2022 #25,https://espncricinfo.com/series/icc-men-s-t20-world-cup-2022-23-1298134/afghanistan-vs-ireland-25th-match-group-1-1298159/full-scorecard
AUS,ENG,No result,, Melbourne, October 28 2022,2022 T20WC,T20WC 2022 #26,https://espncricinfo.com/series/icc-men-s-t20-world-cup-2022-23-1298134/australia-vs-england-26th-match-group-1-1298160/full-scorecard
NZ,SL,New Zealand,65 runs, Sydney, October 29 2022,2022 T20WC,T20WC 2022 #27,https://espncricinfo.com/series/icc-men-s-t20-world-cup-2022-23-1298134/new-zealand-vs-sri-lanka-27th-match-group-1-1298161/full-scorecard
BAN,ZIM,Bangladesh,3 runs, Brisbane, October 30 2022,2022 T20WC,T20WC 2022 #28,https://espncricinfo.com/series/icc-men-s-t20-world-cup-2022-23-1298134/bangladesh-vs-zimbabwe-28th-match-group-2-1298162/full-scorecard
NED,PAK,Pakistan,6 wickets, Perth, October 30 2022,2022 T20WC,T20WC 2022 #29,https://espncricinfo.com/series/icc-men-s-t20-world-cup-2022-23-1298134/netherlands-vs-pakistan-29th-match-group-2-1298163/full-scorecard
IND,SA,South Africa,5 wickets, Perth, October 30 2022,2022 T20WC,T20WC 2022 #30,https://espncricinfo.com/series/icc-men-s-t20-world-cup-2022-23-1298134/india-vs-south-africa-30th-match-group-2-1298164/full-scorecard
AUS,IRE,Australia,42 runs, Brisbane, October 31 2022,2022 T20WC,T20WC 2022 #31,https://espncricinfo.com/series/icc-men-s-t20-world-cup-2022-23-1298134/australia-vs-ireland-31st-match-group-1-1298165/full-scorecard
AFG,SL,Sri Lanka,6 wickets, Brisbane, November 01 2022,2022 T20WC,T20WC 2022 #32,https://espncricinfo.com/series/icc-men-s-t20-world-cup-2022-23-1298134/afghanistan-vs-sri-lanka-32nd-match-group-1-1298166/full-scorecard
ENG,NZ,England,20 runs, Brisbane, November 01 2022,2022 T20WC,T20WC 2022 #33,https://espncricinfo.com/series/icc-men-s-t20-world-cup-2022-23-1298134/england-vs-new-zealand-33rd-match-group-1-1298167/full-scorecard
ZIM,NED,Netherlands,5 wickets, Adelaide, November 02 2022,2022 T20WC,T20WC 2022 #34,https://espncricinfo.com/series/icc-men-s-t20-world-cup-2022-23-1298134/netherlands-vs-zimbabwe-34th-match-group-2-1298168/full-scorecard
IND,BAN,India,5 runs, Adelaide, November 02 2022,2022 T20WC,T20WC 2022 #35,https://espncricinfo.com/series/icc-men-s-t20-world-cup-2022-23-1298134/bangladesh-vs-india-35th-match-group-2-1298169/full-scorecard
PAK,SA,Pakistan,33 runs, Sydney, November 03 2022,2022 T20WC,T20WC 2022 #36,https://espncricinfo.com/series/icc-men-s-t20-world-cup-2022-23-1298134/pakistan-vs-south-africa-36th-match-group-2-1298170/full-scorecard
NZ,IRE,New Zealand,35 runs, Adelaide, November 04 2022,2022 T20WC,T20WC 2022 #37,https://espncricinfo.com/series/icc-men-s-t20-world-cup-2022-23-1298134/ireland-vs-new-zealand-37th-match-group-1-1298171/full-scorecard
AUS,AFG,Australia,4 runs, Adelaide, November 04 2022,2022 T20WC,T20WC 2022 #38,https://espncricinfo.com/series/icc-men-s-t20-world-cup-2022-23-1298134/australia-vs-afghanistan-38th-match-group-1-1298172/full-scorecard
SL,ENG,England,4 wickets, Sydney, November 05 2022,2022 T20WC,T20WC 2022 #39,https://espncricinfo.com/series/icc-men-s-t20-world-cup-2022-23-1298134/england-vs-sri-lanka-39th-match-group-1-1298173/full-scorecard
NED,SA,Netherlands,13 runs, Adelaide, November 06 2022,2022 T20WC,T20WC 2022 #40,https://espncricinfo.com/series/icc-men-s-t20-world-cup-2022-23-1298134/netherlands-vs-south-africa-40th-match-group-2-1298174/full-scorecard
BAN,PAK,Pakistan,5 wickets, Adelaide, November 06 2022,2022 T20WC,T20WC 2022 #41,https://espncricinfo.com/series/icc-men-s-t20-world-cup-2022-23-1298134/bangladesh-vs-pakistan-41st-match-group-2-1298175/full-scorecard
IND,ZIM,India,71 runs, Melbourne, November 06 2022,2022 T20WC,T20WC 2022 #42,https://espncricinfo.com/series/icc-men-s-t20-world-cup-2022-23-1298134/india-vs-zimbabwe-42nd-match-group-2-1298176/full-scorecard
NZ,PAK,Pakistan,7 wickets, Sydney, November 09 2022,2022 T20WC,T20WC 2022 #43,https://espncricinfo.com/series/icc-men-s-t20-world-cup-2022-23-1298134/new-zealand-vs-pakistan-1st-semi-final-1298177/full-scorecard
IND,ENG,England,10 wickets, Adelaide, November 10 2022,2022 T20WC,T20WC 2022 #44,https://espncricinfo.com/series/icc-men-s-t20-world-cup-2022-23-1298134/england-vs-india-2nd-semi-final-1298178/full-scorecard
PAK,ENG,England,5 wickets, Melbourne, November 13 2022,2022 T20WC,T20WC 2022 #45,https://espncricinfo.com/series/icc-men-s-t20-world-cup-2022-23-1298134/england-vs-pakistan-final-1298179/full-scorecard
OMA,PNG,Oman,10 wickets, Al Amerat, October 17 2021,2021 T20WC,T20WC 2021 #1,https://espncricinfo.com/series/icc-men-s-t20-world-cup-2021-22-1267897/oman-vs-papua-new-guinea-1st-match-first-round-group-b-1273712/full-scorecard
SCOT,BAN,Scotland,6 runs, Al Amerat, October 17 2021,2021 T20WC,T20WC 2021 #2,https://espncricinfo.com/series/icc-men-s-t20-world-cup-2021-22-1267897/bangladesh-vs-scotland-2nd-match-first-round-group-b-1273713/full-scorecard
NED,IRE,Ireland,7 wickets, Abu Dhabi, October 18 2021,2021 T20WC,T20WC 2021 #3,https://espncricinfo.com/series/icc-men-s-t20-world-cup-2021-22-1267897/ireland-vs-netherlands-3rd-match-first-round-group-a-1273714/full-scorecard
NAM,SL,Sri Lanka,7 wickets, Abu Dhabi, October 18 2021,2021 T20WC,T20WC 2021 #4,https://espncricinfo.com/series/icc-men-s-t20-world-cup-2021-22-1267897/namibia-vs-sri-lanka-4th-match-first-round-group-a-1273715/full-scorecard
SCOT,PNG,Scotland,17 runs, Al Amerat, October 19 2021,2021 T20WC,T20WC 2021 #5,https://espncricinfo.com/series/icc-men-s-t20-world-cup-2021-22-1267897/papua-new-guinea-vs-scotland-5th-match-first-round-group-b-1273716/full-scorecard
OMA,BAN,Bangladesh,26 runs, Al Amerat, October 19 2021,2021 T20WC,T20WC 2021 #6,https://espncricinfo.com/series/icc-men-s-t20-world-cup-2021-22-1267897/oman-vs-bangladesh-6th-match-first-round-group-b-1273717/full-scorecard
NED,NAM,Namibia,6 wickets, Abu Dhabi, October 20 2021,2021 T20WC,T20WC 2021 #7,https://espncricinfo.com/series/icc-men-s-t20-world-cup-2021-22-1267897/namibia-vs-netherlands-7th-match-first-round-group-a-1273718/full-scorecard
SL,IRE,Sri Lanka,70 runs, Abu Dhabi, October 20 2021,2021 T20WC,T20WC 2021 #8,https://espncricinfo.com/series/icc-men-s-t20-world-cup-2021-22-1267897/ireland-vs-sri-lanka-8th-match-first-round-group-a-1273719/full-scorecard
BAN,PNG,Bangladesh,84 runs, Al Amerat, October 21 2021,2021 T20WC,T20WC 2021 #9,https://espncricinfo.com/series/icc-men-s-t20-world-cup-2021-22-1267897/bangladesh-vs-papua-new-guinea-9th-match-first-round-group-b-1273720/full-scorecard
OMA,SCOT,Scotland,8 wickets, Al Amerat, October 21 2021,2021 T20WC,T20WC 2021 #10,https://espncricinfo.com/series/icc-men-s-t20-world-cup-2021-22-1267897/oman-vs-scotland-10th-match-first-round-group-b-1273721/full-scorecard
IRE,NAM,Namibia,8 wickets, Sharjah, October 22 2021,2021 T20WC,T20WC 2021 #11,https://espncricinfo.com/series/icc-men-s-t20-world-cup-2021-22-1267897/ireland-vs-namibia-11th-match-first-round-group-a-1273722/full-scorecard
NED,SL,Sri Lanka,8 wickets, Sharjah, October 22 2021,2021 T20WC,T20WC 2021 #12,https://espncricinfo.com/series/icc-men-s-t20-world-cup-2021-22-1267897/netherlands-vs-sri-lanka-12th-match-first-round-group-a-1273723/full-scorecard
SA,AUS,Australia,5 wickets, Abu Dhabi, October 23 2021,2021 T20WC,T20WC 2021 #13,https://espncricinfo.com/series/icc-men-s-t20-world-cup-2021-22-1267897/australia-vs-south-africa-13th-match-group-1-1273724/full-scorecard
WI,ENG,England,6 wickets, Dubai (DICS), October 23 2021,2021 T20WC,T20WC 2021 #14,https://espncricinfo.com/series/icc-men-s-t20-world-cup-2021-22-1267897/england-vs-west-indies-14th-match-group-1-1273725/full-scorecard
BAN,SL,Sri Lanka,5 wickets, Sharjah, October 24 2021,2021 T20WC,T20WC 2021 #15,https://espncricinfo.com/series/icc-men-s-t20-world-cup-2021-22-1267897/bangladesh-vs-sri-lanka-15th-match-group-1-1273726/full-scorecard
IND,PAK,Pakistan,10 wickets, Dubai (DICS), October 24 2021,2021 T20WC,T20WC 2021 #16,https://espncricinfo.com/series/icc-men-s-t20-world-cup-2021-22-1267897/india-vs-pakistan-16th-match-group-2-1273727/full-scorecard
AFG,SCOT,Afghanistan,130 runs, Sharjah, October 25 2021,2021 T20WC,T20WC 2021 #17,https://espncricinfo.com/series/icc-men-s-t20-world-cup-2021-22-1267897/afghanistan-vs-scotland-17th-match-group-2-1273728/full-scorecard
WI,SA,South Africa,8 wickets, Dubai (DICS), October 26 2021,2021 T20WC,T20WC 2021 #18,https://espncricinfo.com/series/icc-men-s-t20-world-cup-2021-22-1267897/south-africa-vs-west-indies-18th-match-group-1-1273729/full-scorecard
NZ,PAK,Pakistan,5 wickets, Sharjah, October 26 2021,2021 T20WC,T20WC 2021 #19,https://espncricinfo.com/series/icc-men-s-t20-world-cup-2021-22-1267897/new-zealand-vs-pakistan-19th-match-group-2-1273730/full-scorecard
BAN,ENG,England,8 wickets, Abu Dhabi, October 27 2021,2021 T20WC,T20WC 2021 #20,https://espncricinfo.com/series/icc-men-s-t20-world-cup-2021-22-1267897/bangladesh-vs-england-20th-match-group-1-1273731/full-scorecard
SCOT,NAM,Namibia,4 wickets, Abu Dhabi, October 27 2021,2021 T20WC,T20WC 2021 #21,https://espncricinfo.com/series/icc-men-s-t20-world-cup-2021-22-1267897/namibia-vs-scotland-21st-match-group-2-1273732/full-scorecard
SL,AUS,Australia,7 wickets, Dubai (DICS), October 28 2021,2021 T20WC,T20WC 2021 #22,https://espncricinfo.com/series/icc-men-s-t20-world-cup-2021-22-1267897/australia-vs-sri-lanka-22nd-match-group-1-1273733/full-scorecard
WI,BAN,West Indies,3 runs, Sharjah, October 29 2021,2021 T20WC,T20WC 2021 #23,https://espncricinfo.com/series/icc-men-s-t20-world-cup-2021-22-1267897/bangladesh-vs-west-indies-23rd-match-group-1-1273734/full-scorecard
AFG,PAK,Pakistan,5 wickets, Dubai (DICS), October 29 2021,2021 T20WC,T20WC 2021 #24,https://espncricinfo.com/series/icc-men-s-t20-world-cup-2021-22-1267897/afghanistan-vs-pakistan-24th-match-group-2-1273735/full-scorecard
SL,SA,South Africa,4 wickets, Sharjah, October 30 2021,2021 T20WC,T20WC 2021 #25,https://espncricinfo.com/series/icc-men-s-t20-world-cup-2021-22-1267897/south-africa-vs-sri-lanka-25th-match-group-1-1273736/full-scorecard
AUS,ENG,England,8 wickets, Dubai (DICS), October 30 2021,2021 T20WC,T20WC 2021 #26,https://espncricinfo.com/series/icc-men-s-t20-world-cup-2021-22-1267897/australia-vs-england-26th-match-group-1-1273737/full-scorecard
AFG,NAM,Afghanistan,62 runs, Abu Dhabi, October 31 2021,2021 T20WC,T20WC 2021 #27,https://espncricinfo.com/series/icc-men-s-t20-world-cup-2021-22-1267897/afghanistan-vs-namibia-27th-match-group-2-1273738/full-scorecard
IND,NZ,New Zealand,8 wickets, Dubai (DICS), October 31 2021,2021 T20WC,T20WC 2021 #28,https://espncricinfo.com/series/icc-men-s-t20-world-cup-2021-22-1267897/india-vs-new-zealand-28th-match-group-2-1273739/full-scorecard
ENG,SL,England,26 runs, Sharjah, November 01 2021,2021 T20WC,T20WC 2021 #29,https://espncricinfo.com/series/icc-men-s-t20-world-cup-2021-22-1267897/england-vs-sri-lanka-29th-match-group-1-1273740/full-scorecard
BAN,SA,South Africa,6 wickets, Abu Dhabi, November 02 2021,2021 T20WC,T20WC 2021 #30,https://espncricinfo.com/series/icc-men-s-t20-world-cup-2021-22-1267897/bangladesh-vs-south-africa-30th-match-group-1-1273741/full-scorecard
PAK,NAM,Pakistan,45 runs, Abu Dhabi, November 02 2021,2021 T20WC,T20WC 2021 #31,https://espncricinfo.com/series/icc-men-s-t20-world-cup-2021-22-1267897/namibia-vs-pakistan-31st-match-group-2-1273742/full-scorecard
NZ,SCOT,New Zealand,16 runs, Dubai (DICS), November 03 2021,2021 T20WC,T20WC 2021 #32,https://espncricinfo.com/series/icc-men-s-t20-world-cup-2021-22-1267897/new-zealand-vs-scotland-32nd-match-group-2-1273743/full-scorecard
IND,AFG,India,66 runs, Abu Dhabi, November 03 2021,2021 T20WC,T20WC 2021 #33,https://espncricinfo.com/series/icc-men-s-t20-world-cup-2021-22-1267897/afghanistan-vs-india-33rd-match-group-2-1273744/full-scorecard
BAN,AUS,Australia,8 wickets, Dubai (DICS), November 04 2021,2021 T20WC,T20WC 2021 #34,https://espncricinfo.com/series/icc-men-s-t20-world-cup-2021-22-1267897/australia-vs-bangladesh-34th-match-group-1-1273745/full-scorecard
SL,WI,Sri Lanka,20 runs, Abu Dhabi, November 04 2021,2021 T20WC,T20WC 2021 #35,https://espncricinfo.com/series/icc-men-s-t20-world-cup-2021-22-1267897/sri-lanka-vs-west-indies-35th-match-group-1-1273746/full-scorecard
NZ,NAM,New Zealand,52 runs, Sharjah, November 05 2021,2021 T20WC,T20WC 2021 #36,https://espncricinfo.com/series/icc-men-s-t20-world-cup-2021-22-1267897/namibia-vs-new-zealand-36th-match-group-2-1273747/full-scorecard
SCOT,IND,India,8 wickets, Dubai (DICS), November 05 2021,2021 T20WC,T20WC 2021 #37,https://espncricinfo.com/series/icc-men-s-t20-world-cup-2021-22-1267897/india-vs-scotland-37th-match-group-2-1273748/full-scorecard
WI,AUS,Australia,8 wickets, Abu Dhabi, November 06 2021,2021 T20WC,T20WC 2021 #38,https://espncricinfo.com/series/icc-men-s-t20-world-cup-2021-22-1267897/australia-vs-west-indies-38th-match-group-1-1273749/full-scorecard
SA,ENG,South Africa,10 runs, Sharjah, November 06 2021,2021 T20WC,T20WC 2021 #39,https://espncricinfo.com/series/icc-men-s-t20-world-cup-2021-22-1267897/england-vs-south-africa-39th-match-group-1-1273750/full-scorecard
AFG,NZ,New Zealand,8 wickets, Abu Dhabi, November 07 2021,2021 T20WC,T20WC 2021 #40,https://espncricinfo.com/series/icc-men-s-t20-world-cup-2021-22-1267897/afghanistan-vs-new-zealand-40th-match-group-2-1273751/full-scorecard
PAK,SCOT,Pakistan,72 runs, Sharjah, November 07 2021,2021 T20WC,T20WC 2021 #41,https://espncricinfo.com/series/icc-men-s-t20-world-cup-2021-22-1267897/pakistan-vs-scotland-41st-match-group-2-1273752/full-scorecard
NAM,IND,India,9 wickets, Dubai (DICS), November 08 2021,2021 T20WC,T20WC 2021 #42,https://espncricinfo.com/series/icc-men-s-t20-world-cup-2021-22-1267897/india-vs-namibia-42nd-match-group-2-1273753/full-scorecard
ENG,NZ,New Zealand,5 wickets, Abu Dhabi, November 10 2021,2021 T20WC,T20WC 2021 #43,https://espncricinfo.com/series/icc-men-s-t20-world-cup-2021-22-1267897/england-vs-new-zealand-1st-semi-final-1273754/full-scorecard
PAK,AUS,Australia,5 wickets, Dubai (DICS), November 11 2021,2021 T20WC,T20WC 2021 #44,https://espncricinfo.com/series/icc-men-s-t20-world-cup-2021-22-1267897/australia-vs-pakistan-2nd-semi-final-1273755/full-scorecard
NZ,AUS,Australia,8 wickets, Dubai (DICS), November 14 2021,2021 T20WC,T20WC 2021 #45,https://espncricinfo.com/series/icc-men-s-t20-world-cup-2021-22-1267897/australia-vs-new-zealand-final-1273756/full-scorecard
ZIM,HKG,Zimbabwe,14 runs, Nagpur, March 08 2016,2016 T20WC,T20WC 2016 #1,https://espncricinfo.com/series/world-t20-2015-16-901359/hong-kong-vs-zimbabwe-1st-match-first-round-group-b-951305/full-scorecard
AFG,SCOT,Afghanistan,14 runs, Nagpur, March 08 2016,2016 T20WC,T20WC 2016 #2,https://espncricinfo.com/series/world-t20-2015-16-901359/afghanistan-vs-scotland-2nd-match-first-round-group-b-951307/full-scorecard
BAN,NED,Bangladesh,8 runs, Dharamsala, March 09 2016,2016 T20WC,T20WC 2016 #3,https://espncricinfo.com/series/world-t20-2015-16-901359/bangladesh-vs-netherlands-3rd-match-first-round-group-a-951309/full-scorecard
IRE,OMA,Oman,2 wickets, Dharamsala, March 09 2016,2016 T20WC,T20WC 2016 #4,https://espncricinfo.com/series/world-t20-2015-16-901359/ireland-vs-oman-4th-match-first-round-group-a-951311/full-scorecard
ZIM,SCOT,Zimbabwe,11 runs, Nagpur, March 10 2016,2016 T20WC,T20WC 2016 #5,https://espncricinfo.com/series/world-t20-2015-16-901359/scotland-vs-zimbabwe-5th-match-first-round-group-b-951313/full-scorecard
HKG,AFG,Afghanistan,6 wickets, Nagpur, March 10 2016,2016 T20WC,T20WC 2016 #6,https://espncricinfo.com/series/world-t20-2015-16-901359/afghanistan-vs-hong-kong-6th-match-first-round-group-b-951315/full-scorecard
NED,OMA,No result,, Dharamsala, March 11 2016,2016 T20WC,T20WC 2016 #7,https://espncricinfo.com/series/world-t20-2015-16-901359/netherlands-vs-oman-7th-match-first-round-group-a-951317/full-scorecard
BAN,IRE,No result,, Dharamsala, March 11 2016,2016 T20WC,T20WC 2016 #8,https://espncricinfo.com/series/world-t20-2015-16-901359/bangladesh-vs-ireland-8th-match-first-round-group-a-951319/full-scorecard
AFG,ZIM,Afghanistan,59 runs, Nagpur, March 12 2016,2016 T20WC,T20WC 2016 #9,https://espncricinfo.com/series/world-t20-2015-16-901359/afghanistan-vs-zimbabwe-9th-match-first-round-group-b-951321/full-scorecard
HKG,SCOT,Scotland,8 wickets, Nagpur, March 12 2016,2016 T20WC,T20WC 2016 #10,https://espncricinfo.com/series/world-t20-2015-16-901359/hong-kong-vs-scotland-10th-match-first-round-group-b-951323/full-scorecard
NED,IRE,Netherlands,12 runs, Dharamsala, March 13 2016,2016 T20WC,T20WC 2016 #11,https://espncricinfo.com/series/world-t20-2015-16-901359/ireland-vs-netherlands-11th-match-first-round-group-a-951325/full-scorecard
BAN,OMA,Bangladesh,54 runs, Dharamsala, March 13 2016,2016 T20WC,T20WC 2016 #12,https://espncricinfo.com/series/world-t20-2015-16-901359/bangladesh-vs-oman-12th-match-first-round-group-a-951327/full-scorecard
IND,NZ,New Zealand,47 runs, Nagpur, March 15 2016,2016 T20WC,T20WC 2016 #13,https://espncricinfo.com/series/world-t20-2015-16-901359/india-vs-new-zealand-13th-match-super-10-group-2-951329/full-scorecard
PAK,BAN,Pakistan,55 runs, Eden Gardens, March 16 2016,2016 T20WC,T20WC 2016 #14,https://espncricinfo.com/series/world-t20-2015-16-901359/bangladesh-vs-pakistan-14th-match-super-10-group-2-951333/full-scorecard
ENG,WI,West Indies,6 wickets, Wankhede, March 16 2016,2016 T20WC,T20WC 2016 #15,https://espncricinfo.com/series/world-t20-2015-16-901359/england-vs-west-indies-15th-match-super-10-group-1-951331/full-scorecard
AFG,SL,Sri Lanka,6 wickets, Eden Gardens, March 17 2016,2016 T20WC,T20WC 2016 #16,https://espncricinfo.com/series/world-t20-2015-16-901359/afghanistan-vs-sri-lanka-16th-match-super-10-group-1-951335/full-scorecard
NZ,AUS,New Zealand,8 runs, Dharamsala, March 18 2016,2016 T20WC,T20WC 2016 #17,https://espncricinfo.com/series/world-t20-2015-16-901359/australia-vs-new-zealand-17th-match-super-10-group-2-951337/full-scorecard
SA,ENG,England,2 wickets, Wankhede, March 18 2016,2016 T20WC,T20WC 2016 #18,https://espncricinfo.com/series/world-t20-2015-16-901359/england-vs-south-africa-18th-match-super-10-group-1-951339/full-scorecard
IND,PAK,India,6 wickets, Eden Gardens, March 19 2016,2016 T20WC,T20WC 2016 #19,https://espncricinfo.com/series/world-t20-2015-16-901359/india-vs-pakistan-19th-match-super-10-group-2-951341/full-scorecard
SA,AFG,South Africa,37 runs, Wankhede, March 20 2016,2016 T20WC,T20WC 2016 #20,https://espncricinfo.com/series/world-t20-2015-16-901359/afghanistan-vs-south-africa-20th-match-super-10-group-1-951343/full-scorecard
SL,WI,West Indies,7 wickets, Bengaluru, March 20 2016,2016 T20WC,T20WC 2016 #21,https://espncricinfo.com/series/world-t20-2015-16-901359/sri-lanka-vs-west-indies-21st-match-super-10-group-1-951345/full-scorecard
BAN,AUS,Australia,3 wickets, Bengaluru, March 21 2016,2016 T20WC,T20WC 2016 #22,https://espncricinfo.com/series/world-t20-2015-16-901359/australia-vs-bangladesh-22nd-match-super-10-group-2-951347/full-scorecard
NZ,PAK,New Zealand,22 runs, Mohali, March 22 2016,2016 T20WC,T20WC 2016 #23,https://espncricinfo.com/series/world-t20-2015-16-901359/new-zealand-vs-pakistan-23rd-match-super-10-group-2-951349/full-scorecard
ENG,AFG,England,15 runs, Delhi, March 23 2016,2016 T20WC,T20WC 2016 #24,https://espncricinfo.com/series/world-t20-2015-16-901359/afghanistan-vs-england-24th-match-super-10-group-1-951351/full-scorecard
IND,BAN,India,1 run, Bengaluru, March 23 2016,2016 T20WC,T20WC 2016 #25,https://espncricinfo.com/series/world-t20-2015-16-901359/india-vs-bangladesh-25th-match-super-10-group-2-951353/full-scorecard
AUS,PAK,Australia,21 runs, Mohali, March 25 2016,2016 T20WC,T20WC 2016 #26,https://espncricinfo.com/series/world-t20-2015-16-901359/australia-vs-pakistan-26th-match-super-10-group-2-951355/full-scorecard
SA,WI,West Indies,3 wickets, Nagpur, March 25 2016,2016 T20WC,T20WC 2016 #27,https://espncricinfo.com/series/world-t20-2015-16-901359/south-africa-vs-west-indies-27th-match-super-10-group-1-951357/full-scorecard
NZ,BAN,New Zealand,75 runs, Eden Gardens, March 26 2016,2016 T20WC,T20WC 2016 #28,https://espncricinfo.com/series/world-t20-2015-16-901359/bangladesh-vs-new-zealand-28th-match-super-10-group-2-951359/full-scorecard
ENG,SL,England,10 runs, Delhi, March 26 2016,2016 T20WC,T20WC 2016 #29,https://espncricinfo.com/series/world-t20-2015-16-901359/england-vs-sri-lanka-29th-match-super-10-group-1-951361/full-scorecard
AFG,WI,Afghanistan,6 runs, Nagpur, March 27 2016,2016 T20WC,T20WC 2016 #30,https://espncricinfo.com/series/world-t20-2015-16-901359/afghanistan-vs-west-indies-30th-match-super-10-group-1-951365/full-scorecard
IND,AUS,India,6 wickets, Mohali, March 27 2016,2016 T20WC,T20WC 2016 #31,https://espncricinfo.com/series/world-t20-2015-16-901359/india-vs-australia-31st-match-super-10-group-2-951363/full-scorecard
SL,SA,South Africa,8 wickets, Delhi, March 28 2016,2016 T20WC,T20WC 2016 #32,https://espncricinfo.com/series/world-t20-2015-16-901359/south-africa-vs-sri-lanka-32nd-match-super-10-group-1-951367/full-scorecard
NZ,ENG,England,7 wickets, Delhi, March 30 2016,2016 T20WC,T20WC 2016 #33,https://espncricinfo.com/series/world-t20-2015-16-901359/england-vs-new-zealand-1st-semi-final-951369/full-scorecard
IND,WI,West Indies,7 wickets, Wankhede, March 31 2016,2016 T20WC,T20WC 2016 #34,https://espncricinfo.com/series/world-t20-2015-16-901359/india-vs-west-indies-2nd-semi-final-951371/full-scorecard
ENG,WI,West Indies,4 wickets, Eden Gardens, April 03 2016,2016 T20WC,T20WC 2016 #35,https://espncricinfo.com/series/world-t20-2015-16-901359/england-vs-west-indies-final-951373/full-scorecard
BAN,AFG,Bangladesh,9 wickets, Mirpur, March 16 2014,2014 T20WC,T20WC 2014 #1,https://espncricinfo.com/series/world-t20-2013-14-628368/bangladesh-vs-afghanistan-1st-match-first-round-group-a-682897/full-scorecard
NEP,HKG,Nepal,80 runs, Chattogram, March 16 2014,2014 T20WC,T20WC 2014 #2,https://espncricinfo.com/series/world-t20-2013-14-628368/hong-kong-vs-nepal-2nd-match-first-round-group-a-682899/full-scorecard
ZIM,IRE,Ireland,3 wickets, Sylhet, March 17 2014,2014 T20WC,T20WC 2014 #3,https://espncricinfo.com/series/world-t20-2013-14-628368/ireland-vs-zimbabwe-3rd-match-first-round-group-b-682901/full-scorecard
UAE,NED,Netherlands,6 wickets, Sylhet, March 17 2014,2014 T20WC,T20WC 2014 #4,https://espncricinfo.com/series/world-t20-2013-14-628368/netherlands-vs-united-arab-emirates-4th-match-first-round-group-b-682903/full-scorecard
HKG,AFG,Afghanistan,7 wickets, Chattogram, March 18 2014,2014 T20WC,T20WC 2014 #5,https://espncricinfo.com/series/world-t20-2013-14-628368/afghanistan-vs-hong-kong-5th-match-first-round-group-a-682905/full-scorecard
BAN,NEP,Bangladesh,8 wickets, Chattogram, March 18 2014,2014 T20WC,T20WC 2014 #6,https://espncricinfo.com/series/world-t20-2013-14-628368/bangladesh-vs-nepal-6th-match-first-round-group-a-682907/full-scorecard
NED,ZIM,Zimbabwe,5 wickets, Sylhet, March 19 2014,2014 T20WC,T20WC 2014 #7,https://espncricinfo.com/series/world-t20-2013-14-628368/netherlands-vs-zimbabwe-7th-match-first-round-group-b-682909/full-scorecard
UAE,IRE,Ireland,21 runs, Sylhet, March 19 2014,2014 T20WC,T20WC 2014 #8,https://espncricinfo.com/series/world-t20-2013-14-628368/ireland-vs-united-arab-emirates-8th-match-first-round-group-b-682911/full-scorecard
NEP,AFG,Nepal,9 runs, Chattogram, March 20 2014,2014 T20WC,T20WC 2014 #9,https://espncricinfo.com/series/world-t20-2013-14-628368/afghanistan-vs-nepal-9th-match-first-round-group-a-682913/full-scorecard
BAN,HKG,Hong Kong,2 wickets, Chattogram, March 20 2014,2014 T20WC,T20WC 2014 #10,https://espncricinfo.com/series/world-t20-2013-14-628368/bangladesh-vs-hong-kong-10th-match-first-round-group-a-682915/full-scorecard
UAE,ZIM,Zimbabwe,5 wickets, Sylhet, March 21 2014,2014 T20WC,T20WC 2014 #11,https://espncricinfo.com/series/world-t20-2013-14-628368/united-arab-emirates-vs-zimbabwe-11th-match-first-round-group-b-682917/full-scorecard
IRE,NED,Netherlands,6 wickets, Sylhet, March 21 2014,2014 T20WC,T20WC 2014 #12,https://espncricinfo.com/series/world-t20-2013-14-628368/ireland-vs-netherlands-12th-match-first-round-group-b-682919/full-scorecard
PAK,IND,India,7 wickets, Mirpur, March 21 2014,2014 T20WC,T20WC 2014 #13,https://espncricinfo.com/series/world-t20-2013-14-628368/india-vs-pakistan-13th-match-group-2-682921/full-scorecard
SL,SA,Sri Lanka,5 runs, Chattogram, March 22 2014,2014 T20WC,T20WC 2014 #14,https://espncricinfo.com/series/world-t20-2013-14-628368/south-africa-vs-sri-lanka-14th-match-group-1-682923/full-scorecard
ENG,NZ,New Zealand,9 runs, Chattogram, March 22 2014,2014 T20WC,T20WC 2014 #15,https://espncricinfo.com/series/world-t20-2013-14-628368/england-vs-new-zealand-15th-match-group-1-682925/full-scorecard
PAK,AUS,Pakistan,16 runs, Mirpur, March 23 2014,2014 T20WC,T20WC 2014 #16,https://espncricinfo.com/series/world-t20-2013-14-628368/australia-vs-pakistan-16th-match-group-2-682927/full-scorecard
WI,IND,India,7 wickets, Mirpur, March 23 2014,2014 T20WC,T20WC 2014 #17,https://espncricinfo.com/series/world-t20-2013-14-628368/india-vs-west-indies-17th-match-group-2-682929/full-scorecard
SA,NZ,South Africa,2 runs, Chattogram, March 24 2014,2014 T20WC,T20WC 2014 #18,https://espncricinfo.com/series/world-t20-2013-14-628368/new-zealand-vs-south-africa-18th-match-group-1-682931/full-scorecard
NED,SL,Sri Lanka,9 wickets, Chattogram, March 24 2014,2014 T20WC,T20WC 2014 #19,https://espncricinfo.com/series/world-t20-2013-14-628368/netherlands-vs-sri-lanka-19th-match-group-1-682933/full-scorecard
BAN,WI,West Indies,73 runs, Mirpur, March 25 2014,2014 T20WC,T20WC 2014 #20,https://espncricinfo.com/series/world-t20-2013-14-628368/bangladesh-vs-west-indies-20th-match-group-2-682935/full-scorecard
SA,NED,South Africa,6 runs, Chattogram, March 27 2014,2014 T20WC,T20WC 2014 #21,https://espncricinfo.com/series/world-t20-2013-14-628368/netherlands-vs-south-africa-21st-match-group-1-682937/full-scorecard
SL,ENG,England,6 wickets, Chattogram, March 27 2014,2014 T20WC,T20WC 2014 #22,https://espncricinfo.com/series/world-t20-2013-14-628368/england-vs-sri-lanka-22nd-match-group-1-682939/full-scorecard
AUS,WI,West Indies,6 wickets, Mirpur, March 28 2014,2014 T20WC,T20WC 2014 #23,https://espncricinfo.com/series/world-t20-2013-14-628368/australia-vs-west-indies-23rd-match-group-2-682941/full-scorecard
BAN,IND,India,8 wickets, Mirpur, March 28 2014,2014 T20WC,T20WC 2014 #24,https://espncricinfo.com/series/world-t20-2013-14-628368/bangladesh-vs-india-24th-match-group-2-682943/full-scorecard
NED,NZ,New Zealand,6 wickets, Chattogram, March 29 2014,2014 T20WC,T20WC 2014 #25,https://espncricinfo.com/series/world-t20-2013-14-628368/netherlands-vs-new-zealand-25th-match-group-1-682945/full-scorecard
SA,ENG,South Africa,3 runs, Chattogram, March 29 2014,2014 T20WC,T20WC 2014 #26,https://espncricinfo.com/series/world-t20-2013-14-628368/england-vs-south-africa-26th-match-group-1-682947/full-scorecard
BAN,PAK,Pakistan,50 runs, Mirpur, March 30 2014,2014 T20WC,T20WC 2014 #27,https://espncricinfo.com/series/world-t20-2013-14-628368/bangladesh-vs-pakistan-27th-match-group-2-682949/full-scorecard
IND,AUS,India,73 runs, Mirpur, March 30 2014,2014 T20WC,T20WC 2014 #28,https://espncricinfo.com/series/world-t20-2013-14-628368/australia-vs-india-28th-match-group-2-682951/full-scorecard
NED,ENG,Netherlands,45 runs, Chattogram, March 31 2014,2014 T20WC,T20WC 2014 #29,https://espncricinfo.com/series/world-t20-2013-14-628368/england-vs-netherlands-29th-match-group-1-682953/full-scorecard
SL,NZ,Sri Lanka,59 runs, Chattogram, March 31 2014,2014 T20WC,T20WC 2014 #30,https://espncricinfo.com/series/world-t20-2013-14-628368/new-zealand-vs-sri-lanka-30th-match-group-1-682955/full-scorecard
BAN,AUS,Australia,7 wickets, Mirpur, April 01 2014,2014 T20WC,T20WC 2014 #31,https://espncricinfo.com/series/world-t20-2013-14-628368/bangladesh-vs-australia-31st-match-group-2-682957/full-scorecard
WI,PAK,West Indies,84 runs, Mirpur, April 01 2014,2014 T20WC,T20WC 2014 #32,https://espncricinfo.com/series/world-t20-2013-14-628368/pakistan-vs-west-indies-32nd-match-group-2-682959/full-scorecard
SL,WI,Sri Lanka,27 runs, Mirpur, April 03 2014,2014 T20WC,T20WC 2014 #33,https://espncricinfo.com/series/world-t20-2013-14-628368/sri-lanka-vs-west-indies-1st-semi-final-682961/full-scorecard
SA,IND,India,6 wickets, Mirpur, April 04 2014,2014 T20WC,T20WC 2014 #34,https://espncricinfo.com/series/world-t20-2013-14-628368/india-vs-south-africa-2nd-semi-final-682963/full-scorecard
IND,SL,Sri Lanka,6 wickets, Mirpur, April 06 2014,2014 T20WC,T20WC 2014 #35,https://espncricinfo.com/series/world-t20-2013-14-628368/india-vs-sri-lanka-final-682965/full-scorecard
SL,ZIM,Sri Lanka,82 runs, Hambantota, September 18 2012,2012 T20WC,T20WC 2012 #1,https://espncricinfo.com/series/icc-world-twenty20-2012-13-531597/sri-lanka-vs-zimbabwe-1st-match-group-c-533272/full-scorecard
IRE,AUS,Australia,7 wickets, Colombo (RPS), September 19 2012,2012 T20WC,T20WC 2012 #2,https://espncricinfo.com/series/icc-world-twenty20-2012-13-531597/australia-vs-ireland-2nd-match-group-b-533273/full-scorecard
IND,AFG,India,23 runs, Colombo (RPS), September 19 2012,2012 T20WC,T20WC 2012 #3,https://espncricinfo.com/series/icc-world-twenty20-2012-13-531597/afghanistan-vs-india-3rd-match-group-a-533274/full-scorecard
ZIM,SA,South Africa,10 wickets, Hambantota, September 20 2012,2012 T20WC,T20WC 2012 #4,https://espncricinfo.com/series/icc-world-twenty20-2012-13-531597/south-africa-vs-zimbabwe-4th-match-group-c-533275/full-scorecard
NZ,BAN,New Zealand,59 runs, Pallekele, September 21 2012,2012 T20WC,T20WC 2012 #5,https://espncricinfo.com/series/icc-world-twenty20-2012-13-531597/bangladesh-vs-new-zealand-5th-match-group-d-533276/full-scorecard
ENG,AFG,England,116 runs, Colombo (RPS), September 21 2012,2012 T20WC,T20WC 2012 #6,https://espncricinfo.com/series/icc-world-twenty20-2012-13-531597/afghanistan-vs-england-6th-match-group-a-533277/full-scorecard
SL,SA,South Africa,32 runs, Hambantota, September 22 2012,2012 T20WC,T20WC 2012 #7,https://espncricinfo.com/series/icc-world-twenty20-2012-13-531597/sri-lanka-vs-south-africa-7th-match-group-c-533278/full-scorecard
WI,AUS,Australia,17 runs, Colombo (RPS), September 22 2012,2012 T20WC,T20WC 2012 #8,https://espncricinfo.com/series/icc-world-twenty20-2012-13-531597/australia-vs-west-indies-8th-match-group-b-533279/full-scorecard
PAK,NZ,Pakistan,13 runs, Pallekele, September 23 2012,2012 T20WC,T20WC 2012 #9,https://espncricinfo.com/series/icc-world-twenty20-2012-13-531597/new-zealand-vs-pakistan-9th-match-group-d-533280/full-scorecard
IND,ENG,India,90 runs, Colombo (RPS), September 23 2012,2012 T20WC,T20WC 2012 #10,https://espncricinfo.com/series/icc-world-twenty20-2012-13-531597/england-vs-india-10th-match-group-a-533281/full-scorecard
IRE,WI,No result,, Colombo (RPS), September 24 2012,2012 T20WC,T20WC 2012 #11,https://espncricinfo.com/series/icc-world-twenty20-2012-13-531597/ireland-vs-west-indies-11th-match-group-b-533282/full-scorecard
BAN,PAK,Pakistan,8 wickets, Pallekele, September 25 2012,2012 T20WC,T20WC 2012 #12,https://espncricinfo.com/series/icc-world-twenty20-2012-13-531597/bangladesh-vs-pakistan-12th-match-group-d-533283/full-scorecard
SL,NZ,Sri Lanka,Super Over win, Pallekele, September 27 2012,2012 T20WC,T20WC 2012 #13,https://espncricinfo.com/series/icc-world-twenty20-2012-13-531597/sri-lanka-vs-new-zealand-13th-match-group-1-533284/full-scorecard
WI,ENG,West Indies,15 runs, Pallekele, September 27 2012,2012 T20WC,T20WC 2012 #14,https://espncricinfo.com/series/icc-world-twenty20-2012-13-531597/england-vs-west-indies-14th-match-group-1-533285/full-scorecard
SA,PAK,Pakistan,2 wickets, Colombo (RPS), September 28 2012,2012 T20WC,T20WC 2012 #15,https://espncricinfo.com/series/icc-world-twenty20-2012-13-531597/pakistan-vs-south-africa-15th-match-group-2-533286/full-scorecard
IND,AUS,Australia,9 wickets, Colombo (RPS), September 28 2012,2012 T20WC,T20WC 2012 #16,https://espncricinfo.com/series/icc-world-twenty20-2012-13-531597/australia-vs-india-16th-match-group-2-533287/full-scorecard
NZ,ENG,England,6 wickets, Pallekele, September 29 2012,2012 T20WC,T20WC 2012 #17,https://espncricinfo.com/series/icc-world-twenty20-2012-13-531597/england-vs-new-zealand-17th-match-group-1-533288/full-scorecard
SL,WI,Sri Lanka,9 wickets, Pallekele, September 29 2012,2012 T20WC,T20WC 2012 #18,https://espncricinfo.com/series/icc-world-twenty20-2012-13-531597/sri-lanka-vs-west-indies-18th-match-group-1-533289/full-scorecard
SA,AUS,Australia,8 wickets, Colombo (RPS), September 30 2012,2012 T20WC,T20WC 2012 #19,https://espncricinfo.com/series/icc-world-twenty20-2012-13-531597/australia-vs-south-africa-19th-match-group-2-533290/full-scorecard
PAK,IND,India,8 wickets, Colombo (RPS), September 30 2012,2012 T20WC,T20WC 2012 #20,https://espncricinfo.com/series/icc-world-twenty20-2012-13-531597/india-vs-pakistan-20th-match-group-2-533291/full-scorecard
WI,NZ,West Indies,Super Over win, Pallekele, October 01 2012,2012 T20WC,T20WC 2012 #21,https://espncricinfo.com/series/icc-world-twenty20-2012-13-531597/new-zealand-vs-west-indies-21st-match-group-1-533292/full-scorecard
SL,ENG,Sri Lanka,19 runs, Pallekele, October 01 2012,2012 T20WC,T20WC 2012 #22,https://espncricinfo.com/series/icc-world-twenty20-2012-13-531597/sri-lanka-vs-england-22nd-match-group-1-533293/full-scorecard
PAK,AUS,Pakistan,32 runs, Colombo (RPS), October 02 2012,2012 T20WC,T20WC 2012 #23,https://espncricinfo.com/series/icc-world-twenty20-2012-13-531597/australia-vs-pakistan-23rd-match-group-2-533294/full-scorecard
IND,SA,India,1 run, Colombo (RPS), October 02 2012,2012 T20WC,T20WC 2012 #24,https://espncricinfo.com/series/icc-world-twenty20-2012-13-531597/india-vs-south-africa-24th-match-group-2-533295/full-scorecard
SL,PAK,Sri Lanka,16 runs, Colombo (RPS), October 04 2012,2012 T20WC,T20WC 2012 #25,https://espncricinfo.com/series/icc-world-twenty20-2012-13-531597/sri-lanka-vs-pakistan-1st-semi-final-533296/full-scorecard
WI,AUS,West Indies,74 runs, Colombo (RPS), October 05 2012,2012 T20WC,T20WC 2012 #26,https://espncricinfo.com/series/icc-world-twenty20-2012-13-531597/australia-vs-west-indies-2nd-semi-final-533297/full-scorecard
SL,WI,West Indies,36 runs, Colombo (RPS), October 07 2012,2012 T20WC,T20WC 2012 #27,https://espncricinfo.com/series/icc-world-twenty20-2012-13-531597/sri-lanka-vs-west-indies-final-533298/full-scorecard
SL,NZ,New Zealand,2 wickets, Providence, April 30 2010,2010 T20WC,T20WC 2010 #1,https://espncricinfo.com/series/icc-world-twenty20-2010-412671/new-zealand-vs-sri-lanka-1st-match-group-b-412678/full-scorecard
WI,IRE,West Indies,70 runs, Providence, April 30 2010,2010 T20WC,T20WC 2010 #2,https://espncricinfo.com/series/icc-world-twenty20-2010-412671/west-indies-vs-ireland-2nd-match-group-d-412677/full-scorecard
AFG,IND,India,7 wickets, Gros Islet, May 01 2010,2010 T20WC,T20WC 2010 #3,https://espncricinfo.com/series/icc-world-twenty20-2010-412671/afghanistan-vs-india-3rd-match-group-c-412679/full-scorecard
PAK,BAN,Pakistan,21 runs, Gros Islet, May 01 2010,2010 T20WC,T20WC 2010 #4,https://espncricinfo.com/series/icc-world-twenty20-2010-412671/bangladesh-vs-pakistan-4th-match-group-a-412680/full-scorecard
IND,SA,India,14 runs, Gros Islet, May 02 2010,2010 T20WC,T20WC 2010 #5,https://espncricinfo.com/series/icc-world-twenty20-2010-412671/india-vs-south-africa-5th-match-group-c-412682/full-scorecard
AUS,PAK,Australia,34 runs, Gros Islet, May 02 2010,2010 T20WC,T20WC 2010 #6,https://espncricinfo.com/series/icc-world-twenty20-2010-412671/australia-vs-pakistan-6th-match-group-a-412683/full-scorecard
SL,ZIM,Sri Lanka,14 runs, Providence, May 03 2010,2010 T20WC,T20WC 2010 #7,https://espncricinfo.com/series/icc-world-twenty20-2010-412671/sri-lanka-vs-zimbabwe-7th-match-group-b-412686/full-scorecard
WI,ENG,West Indies,8 wickets, Providence, May 03 2010,2010 T20WC,T20WC 2010 #8,https://espncricinfo.com/series/icc-world-twenty20-2010-412671/west-indies-vs-england-8th-match-group-d-412685/full-scorecard
ZIM,NZ,New Zealand,7 runs, Providence, May 04 2010,2010 T20WC,T20WC 2010 #9,https://espncricinfo.com/series/icc-world-twenty20-2010-412671/new-zealand-vs-zimbabwe-9th-match-group-b-412684/full-scorecard
ENG,IRE,No result,, Providence, May 04 2010,2010 T20WC,T20WC 2010 #10,https://espncricinfo.com/series/icc-world-twenty20-2010-412671/england-vs-ireland-10th-match-group-d-412681/full-scorecard
AUS,BAN,Australia,27 runs, Bridgetown, May 05 2010,2010 T20WC,T20WC 2010 #11,https://espncricinfo.com/series/icc-world-twenty20-2010-412671/australia-vs-bangladesh-11th-match-group-a-412688/full-scorecard
SA,AFG,South Africa,59 runs, Bridgetown, May 05 2010,2010 T20WC,T20WC 2010 #12,https://espncricinfo.com/series/icc-world-twenty20-2010-412671/afghanistan-vs-south-africa-12th-match-group-c-412687/full-scorecard
PAK,ENG,England,6 wickets, Bridgetown, May 06 2010,2010 T20WC,T20WC 2010 #13,https://espncricinfo.com/series/icc-world-twenty20-2010-412671/england-vs-pakistan-13th-match-group-e-412689/full-scorecard
SA,NZ,South Africa,13 runs, Bridgetown, May 06 2010,2010 T20WC,T20WC 2010 #14,https://espncricinfo.com/series/icc-world-twenty20-2010-412671/new-zealand-vs-south-africa-14th-match-group-e-412690/full-scorecard
AUS,IND,Australia,49 runs, Bridgetown, May 07 2010,2010 T20WC,T20WC 2010 #15,https://espncricinfo.com/series/icc-world-twenty20-2010-412671/australia-vs-india-15th-match-group-f-412691/full-scorecard
WI,SL,Sri Lanka,57 runs, Bridgetown, May 07 2010,2010 T20WC,T20WC 2010 #16,https://espncricinfo.com/series/icc-world-twenty20-2010-412671/west-indies-vs-sri-lanka-16th-match-group-f-412692/full-scorecard
NZ,PAK,New Zealand,1 run, Bridgetown, May 08 2010,2010 T20WC,T20WC 2010 #17,https://espncricinfo.com/series/icc-world-twenty20-2010-412671/new-zealand-vs-pakistan-17th-match-group-e-412693/full-scorecard
ENG,SA,England,39 runs, Bridgetown, May 08 2010,2010 T20WC,T20WC 2010 #18,https://espncricinfo.com/series/icc-world-twenty20-2010-412671/england-vs-south-africa-18th-match-group-e-412694/full-scorecard
WI,IND,West Indies,14 runs, Bridgetown, May 09 2010,2010 T20WC,T20WC 2010 #19,https://espncricinfo.com/series/icc-world-twenty20-2010-412671/west-indies-vs-india-19th-match-group-f-412695/full-scorecard
AUS,SL,Australia,81 runs, Bridgetown, May 09 2010,2010 T20WC,T20WC 2010 #20,https://espncricinfo.com/series/icc-world-twenty20-2010-412671/australia-vs-sri-lanka-20th-match-group-f-412696/full-scorecard
PAK,SA,Pakistan,11 runs, Gros Islet, May 10 2010,2010 T20WC,T20WC 2010 #21,https://espncricinfo.com/series/icc-world-twenty20-2010-412671/pakistan-vs-south-africa-21st-match-group-e-412697/full-scorecard
NZ,ENG,England,3 wickets, Gros Islet, May 10 2010,2010 T20WC,T20WC 2010 #22,https://espncricinfo.com/series/icc-world-twenty20-2010-412671/england-vs-new-zealand-22nd-match-group-e-412698/full-scorecard
IND,SL,Sri Lanka,5 wickets, Gros Islet, May 11 2010,2010 T20WC,T20WC 2010 #23,https://espncricinfo.com/series/icc-world-twenty20-2010-412671/india-vs-sri-lanka-23rd-match-group-f-412699/full-scorecard
WI,AUS,Australia,6 wickets, Gros Islet, May 11 2010,2010 T20WC,T20WC 2010 #24,https://espncricinfo.com/series/icc-world-twenty20-2010-412671/west-indies-vs-australia-24th-match-group-f-412700/full-scorecard
SL,ENG,England,7 wickets, Gros Islet, May 13 2010,2010 T20WC,T20WC 2010 #25,https://espncricinfo.com/series/icc-world-twenty20-2010-412671/england-vs-sri-lanka-1st-semi-final-412701/full-scorecard
PAK,AUS,Australia,3 wickets, Gros Islet, May 14 2010,2010 T20WC,T20WC 2010 #26,https://espncricinfo.com/series/icc-world-twenty20-2010-412671/australia-vs-pakistan-2nd-semi-final-412702/full-scorecard
AUS,ENG,England,7 wickets, Bridgetown, May 16 2010,2010 T20WC,T20WC 2010 #27,https://espncricinfo.com/series/icc-world-twenty20-2010-412671/australia-vs-england-final-412703/full-scorecard
ENG,NED,Netherlands,4 wickets, Lord's, June 05 2009,2009 T20WC,T20WC 2009 #1,https://espncricinfo.com/series/icc-world-twenty20-2009-335113/england-vs-netherlands-1st-match-group-b-355991/full-scorecard
SCOT,NZ,New Zealand,7 wickets, The Oval, June 06 2009,2009 T20WC,T20WC 2009 #2,https://espncricinfo.com/series/icc-world-twenty20-2009-335113/new-zealand-vs-scotland-2nd-match-group-d-355992/full-scorecard
AUS,WI,West Indies,7 wickets, The Oval, June 06 2009,2009 T20WC,T20WC 2009 #3,https://espncricinfo.com/series/icc-world-twenty20-2009-335113/australia-vs-west-indies-3rd-match-group-c-355993/full-scorecard
IND,BAN,India,25 runs, Nottingham, June 06 2009,2009 T20WC,T20WC 2009 #4,https://espncricinfo.com/series/icc-world-twenty20-2009-335113/bangladesh-vs-india-4th-match-group-a-355994/full-scorecard
SA,SCOT,South Africa,130 runs, The Oval, June 07 2009,2009 T20WC,T20WC 2009 #5,https://espncricinfo.com/series/icc-world-twenty20-2009-335113/scotland-vs-south-africa-5th-match-group-d-355995/full-scorecard
ENG,PAK,England,48 runs, The Oval, June 07 2009,2009 T20WC,T20WC 2009 #6,https://espncricinfo.com/series/icc-world-twenty20-2009-335113/england-vs-pakistan-6th-match-group-b-355996/full-scorecard
BAN,IRE,Ireland,6 wickets, Nottingham, June 08 2009,2009 T20WC,T20WC 2009 #7,https://espncricinfo.com/series/icc-world-twenty20-2009-335113/bangladesh-vs-ireland-7th-match-group-a-355997/full-scorecard
AUS,SL,Sri Lanka,6 wickets, Nottingham, June 08 2009,2009 T20WC,T20WC 2009 #8,https://espncricinfo.com/series/icc-world-twenty20-2009-335113/australia-vs-sri-lanka-8th-match-group-c-355998/full-scorecard
PAK,NED,Pakistan,82 runs, Lord's, June 09 2009,2009 T20WC,T20WC 2009 #9,https://espncricinfo.com/series/icc-world-twenty20-2009-335113/netherlands-vs-pakistan-9th-match-group-b-355999/full-scorecard
SA,NZ,South Africa,1 run, Lord's, June 09 2009,2009 T20WC,T20WC 2009 #10,https://espncricinfo.com/series/icc-world-twenty20-2009-335113/new-zealand-vs-south-africa-10th-match-group-d-356000/full-scorecard
SL,WI,Sri Lanka,15 runs, Nottingham, June 10 2009,2009 T20WC,T20WC 2009 #11,https://espncricinfo.com/series/icc-world-twenty20-2009-335113/sri-lanka-vs-west-indies-11th-match-group-c-356002/full-scorecard
IRE,IND,India,8 wickets, Nottingham, June 10 2009,2009 T20WC,T20WC 2009 #12,https://espncricinfo.com/series/icc-world-twenty20-2009-335113/india-vs-ireland-12th-match-group-a-356001/full-scorecard
NZ,IRE,New Zealand,83 runs, Nottingham, June 11 2009,2009 T20WC,T20WC 2009 #13,https://espncricinfo.com/series/icc-world-twenty20-2009-335113/ireland-vs-new-zealand-13th-match-group-f-356003/full-scorecard
ENG,SA,South Africa,7 wickets, Nottingham, June 11 2009,2009 T20WC,T20WC 2009 #14,https://espncricinfo.com/series/icc-world-twenty20-2009-335113/england-vs-south-africa-14th-match-group-e-356004/full-scorecard
SL,PAK,Sri Lanka,19 runs, Lord's, June 12 2009,2009 T20WC,T20WC 2009 #15,https://espncricinfo.com/series/icc-world-twenty20-2009-335113/pakistan-vs-sri-lanka-15th-match-group-f-356005/full-scorecard
IND,WI,West Indies,7 wickets, Lord's, June 12 2009,2009 T20WC,T20WC 2009 #16,https://espncricinfo.com/series/icc-world-twenty20-2009-335113/india-vs-west-indies-16th-match-group-e-356006/full-scorecard
SA,WI,South Africa,20 runs, The Oval, June 13 2009,2009 T20WC,T20WC 2009 #17,https://espncricinfo.com/series/icc-world-twenty20-2009-335113/south-africa-vs-west-indies-17th-match-group-e-356007/full-scorecard
NZ,PAK,Pakistan,6 wickets, The Oval, June 13 2009,2009 T20WC,T20WC 2009 #18,https://espncricinfo.com/series/icc-world-twenty20-2009-335113/new-zealand-vs-pakistan-18th-match-group-f-356008/full-scorecard
SL,IRE,Sri Lanka,9 runs, Lord's, June 14 2009,2009 T20WC,T20WC 2009 #19,https://espncricinfo.com/series/icc-world-twenty20-2009-335113/ireland-vs-sri-lanka-19th-match-group-f-356009/full-scorecard
ENG,IND,England,3 runs, Lord's, June 14 2009,2009 T20WC,T20WC 2009 #20,https://espncricinfo.com/series/icc-world-twenty20-2009-335113/england-vs-india-20th-match-group-e-356010/full-scorecard
PAK,IRE,Pakistan,39 runs, The Oval, June 15 2009,2009 T20WC,T20WC 2009 #21,https://espncricinfo.com/series/icc-world-twenty20-2009-335113/ireland-vs-pakistan-21st-match-group-f-356012/full-scorecard
ENG,WI,West Indies,5 wickets, The Oval, June 15 2009,2009 T20WC,T20WC 2009 #22,https://espncricinfo.com/series/icc-world-twenty20-2009-335113/england-vs-west-indies-22nd-match-group-e-356011/full-scorecard
SL,NZ,Sri Lanka,48 runs, Nottingham, June 16 2009,2009 T20WC,T20WC 2009 #23,https://espncricinfo.com/series/icc-world-twenty20-2009-335113/new-zealand-vs-sri-lanka-23rd-match-group-f-356013/full-scorecard
SA,IND,South Africa,12 runs, Nottingham, June 16 2009,2009 T20WC,T20WC 2009 #24,https://espncricinfo.com/series/icc-world-twenty20-2009-335113/india-vs-south-africa-24th-match-group-e-356014/full-scorecard
PAK,SA,Pakistan,7 runs, Nottingham, June 18 2009,2009 T20WC,T20WC 2009 #25,https://espncricinfo.com/series/icc-world-twenty20-2009-335113/pakistan-vs-south-africa-1st-semi-final-356015/full-scorecard
SL,WI,Sri Lanka,57 runs, The Oval, June 19 2009,2009 T20WC,T20WC 2009 #26,https://espncricinfo.com/series/icc-world-twenty20-2009-335113/sri-lanka-vs-west-indies-2nd-semi-final-356016/full-scorecard
SL,PAK,Pakistan,8 wickets, Lord's, June 21 2009,2009 T20WC,T20WC 2009 #27,https://espncricinfo.com/series/icc-world-twenty20-2009-335113/pakistan-vs-sri-lanka-final-356017/full-scorecard
SA,WI,South Africa,8 wickets, Johannesburg, September 11 2007,2007 T20WC,T20WC 2007 #1,https://espncricinfo.com/series/icc-world-twenty20-2007-08-286109/south-africa-vs-west-indies-1st-match-group-a-287853/full-scorecard
KENYA,NZ,New Zealand,9 wickets, Durban, September 12 2007,2007 T20WC,T20WC 2007 #2,https://espncricinfo.com/series/icc-world-twenty20-2007-08-286109/kenya-vs-new-zealand-2nd-match-group-c-287854/full-scorecard
PAK,SCOT,Pakistan,51 runs, Durban, September 12 2007,2007 T20WC,T20WC 2007 #3,https://espncricinfo.com/series/icc-world-twenty20-2007-08-286109/pakistan-vs-scotland-3rd-match-group-d-287855/full-scorecard
AUS,ZIM,Zimbabwe,5 wickets, Cape Town, September 12 2007,2007 T20WC,T20WC 2007 #4,https://espncricinfo.com/series/icc-world-twenty20-2007-08-286109/australia-vs-zimbabwe-4th-match-group-b-287856/full-scorecard
WI,BAN,Bangladesh,6 wickets, Johannesburg, September 13 2007,2007 T20WC,T20WC 2007 #5,https://espncricinfo.com/series/icc-world-twenty20-2007-08-286109/bangladesh-vs-west-indies-5th-match-group-a-287857/full-scorecard
ENG,ZIM,England,50 runs, Cape Town, September 13 2007,2007 T20WC,T20WC 2007 #6,https://espncricinfo.com/series/icc-world-twenty20-2007-08-286109/england-vs-zimbabwe-6th-match-group-b-287858/full-scorecard
IND,SCOT,No result,, Durban, September 13 2007,2007 T20WC,T20WC 2007 #7,https://espncricinfo.com/series/icc-world-twenty20-2007-08-286109/india-vs-scotland-7th-match-group-d-287859/full-scorecard
SL,KENYA,Sri Lanka,172 runs, Johannesburg, September 14 2007,2007 T20WC,T20WC 2007 #8,https://espncricinfo.com/series/icc-world-twenty20-2007-08-286109/kenya-vs-sri-lanka-8th-match-group-c-287860/full-scorecard
ENG,AUS,Australia,8 wickets, Cape Town, September 14 2007,2007 T20WC,T20WC 2007 #9,https://espncricinfo.com/series/icc-world-twenty20-2007-08-286109/australia-vs-england-9th-match-group-b-287861/full-scorecard
IND,PAK,Unknown,, Durban, September 14 2007,2007 T20WC,T20WC 2007 #10,https://espncricinfo.com/series/icc-world-twenty20-2007-08-286109/india-vs-pakistan-10th-match-group-d-287862/full-scorecard
NZ,SL,Sri Lanka,7 wickets, Johannesburg, September 15 2007,2007 T20WC,T20WC 2007 #11,https://espncricinfo.com/series/icc-world-twenty20-2007-08-286109/new-zealand-vs-sri-lanka-11th-match-group-c-287863/full-scorecard
SA,BAN,South Africa,7 wickets, Cape Town, September 15 2007,2007 T20WC,T20WC 2007 #12,https://espncricinfo.com/series/icc-world-twenty20-2007-08-286109/south-africa-vs-bangladesh-12th-match-group-a-287864/full-scorecard
NZ,IND,New Zealand,10 runs, Johannesburg, September 16 2007,2007 T20WC,T20WC 2007 #13,https://espncricinfo.com/series/icc-world-twenty20-2007-08-286109/india-vs-new-zealand-13th-match-group-e-287865/full-scorecard
BAN,AUS,Australia,9 wickets, Cape Town, September 16 2007,2007 T20WC,T20WC 2007 #14,https://espncricinfo.com/series/icc-world-twenty20-2007-08-286109/australia-vs-bangladesh-14th-match-group-f-287866/full-scorecard
SA,ENG,South Africa,19 runs, Cape Town, September 16 2007,2007 T20WC,T20WC 2007 #15,https://espncricinfo.com/series/icc-world-twenty20-2007-08-286109/south-africa-vs-england-15th-match-group-e-287867/full-scorecard
PAK,SL,Pakistan,33 runs, Johannesburg, September 17 2007,2007 T20WC,T20WC 2007 #16,https://espncricinfo.com/series/icc-world-twenty20-2007-08-286109/pakistan-vs-sri-lanka-16th-match-group-f-287868/full-scorecard
NZ,ENG,New Zealand,5 runs, Durban, September 18 2007,2007 T20WC,T20WC 2007 #17,https://espncricinfo.com/series/icc-world-twenty20-2007-08-286109/england-vs-new-zealand-17th-match-group-e-287869/full-scorecard
AUS,PAK,Pakistan,6 wickets, Johannesburg, September 18 2007,2007 T20WC,T20WC 2007 #18,https://espncricinfo.com/series/icc-world-twenty20-2007-08-286109/australia-vs-pakistan-18th-match-group-f-287870/full-scorecard
SL,BAN,Sri Lanka,64 runs, Johannesburg, September 18 2007,2007 T20WC,T20WC 2007 #19,https://espncricinfo.com/series/icc-world-twenty20-2007-08-286109/bangladesh-vs-sri-lanka-19th-match-group-f-287871/full-scorecard
SA,NZ,South Africa,6 wickets, Durban, September 19 2007,2007 T20WC,T20WC 2007 #20,https://espncricinfo.com/series/icc-world-twenty20-2007-08-286109/south-africa-vs-new-zealand-20th-match-group-e-287872/full-scorecard
IND,ENG,India,18 runs, Durban, September 19 2007,2007 T20WC,T20WC 2007 #21,https://espncricinfo.com/series/icc-world-twenty20-2007-08-286109/england-vs-india-21st-match-group-e-287873/full-scorecard
SL,AUS,Australia,10 wickets, Cape Town, September 20 2007,2007 T20WC,T20WC 2007 #22,https://espncricinfo.com/series/icc-world-twenty20-2007-08-286109/australia-vs-sri-lanka-22nd-match-group-f-287874/full-scorecard
BAN,PAK,Pakistan,4 wickets, Cape Town, September 20 2007,2007 T20WC,T20WC 2007 #23,https://espncricinfo.com/series/icc-world-twenty20-2007-08-286109/bangladesh-vs-pakistan-23rd-match-group-f-287875/full-scorecard
SA,IND,India,37 runs, Durban, September 20 2007,2007 T20WC,T20WC 2007 #24,https://espncricinfo.com/series/icc-world-twenty20-2007-08-286109/south-africa-vs-india-24th-match-group-e-287876/full-scorecard
NZ,PAK,Pakistan,6 wickets, Cape Town, September 22 2007,2007 T20WC,T20WC 2007 #25,https://espncricinfo.com/series/icc-world-twenty20-2007-08-286109/new-zealand-vs-pakistan-1st-semi-final-287877/full-scorecard
IND,AUS,India,15 runs, Durban, September 22 2007,2007 T20WC,T20WC 2007 #26,https://espncricinfo.com/series/icc-world-twenty20-2007-08-286109/australia-vs-india-2nd-semi-final-287878/full-scorecard
IND,PAK,India,5 runs, Johannesburg, September 24 2007,2007 T20WC,T20WC 2007 #27,https://espncricinfo.com/series/icc-world-twenty20-2007-08-286109/india-vs-pakistan-final-287879/full-scorecard
